Year,Bowler,Economy,TotalRuns,Overs,TotalBalls,TotalWickets,Sixes,Wides,NoBalls,DotBalls,BowledWickets,LbwWickets,HitWicketWickets,CaughtAndBowledWickets,StumpedWickets,next_year_economy
2009,M Muralitharan,5.22,261,50.0,300,14,0.15,0.08695652173913043,0.0,154,0.1875,0.6666666666666666,0.0,0.0,0.4,6.965753424657534
2009,JP Duminy,5.314285714285714,93,17.5,105,4,0.075,0.15217391304347827,0.0,49,0.0,0.0,0.0,0.0,0.2,
2020,Rashid Khan,5.335051546391752,345,64.66666666666667,388,20,0.25,0.15217391304347827,0.0,174,0.3125,0.6666666666666666,0.0,0.25,0.2,6.666666666666667
2012,L Balaji,5.4,162,30.0,180,11,0.075,0.2391304347826087,0.0,99,0.1875,0.0,0.0,0.0,0.0,7.74
2011,R Sharma,5.46,273,50.0,300,16,0.15,0.043478260869565216,0.0,134,0.0625,0.8333333333333334,0.0,0.25,0.2,8.108108108108109
2013,SP Narine,5.46875,350,64.0,384,22,0.2,0.06521739130434782,0.0,186,0.125,0.5,0.0,0.75,0.4,6.461538461538462
2012,SP Narine,5.476056338028169,324,59.166666666666664,355,24,0.25,0.13043478260869565,0.0,171,0.375,0.16666666666666666,0.0,0.25,0.6,5.46875
2009,A Singh,5.485714285714286,96,17.5,105,9,0.05,0.043478260869565216,0.09090909090909091,61,0.125,0.16666666666666666,0.0,0.0,0.0,
2022,SP Narine,5.571428571428571,312,56.0,336,9,0.3,0.15217391304347827,0.0,148,0.125,0.3333333333333333,0.0,0.25,0.0,7.979166666666667
2013,DW Steyn,5.796610169491526,399,68.83333333333333,413,19,0.175,0.4782608695652174,0.0,231,0.5,0.16666666666666666,0.0,0.0,0.0,7.696428571428571
2009,B Lee,5.8,116,20.0,120,5,0.025,0.2826086956521739,0.45454545454545453,82,0.0625,0.0,0.0,0.0,0.0,
2009,Harbhajan Singh,5.818181818181818,256,44.0,264,12,0.15,0.08695652173913043,0.0,116,0.1875,0.0,0.0,0.25,0.6,7.065420560747664
2011,AG Murtaza,5.85,117,20.0,120,3,0.075,0.043478260869565216,0.0,60,0.0,0.0,0.0,0.0,0.0,
2009,A Kumble,5.864788732394366,347,59.166666666666664,355,21,0.2,0.15217391304347827,0.0,147,0.25,0.16666666666666666,0.0,0.0,0.2,6.505263157894737
2018,IS Sodhi,5.869565217391305,135,23.0,138,5,0.05,0.0,0.0,51,0.0,0.16666666666666666,0.0,0.0,0.0,
2015,R Ashwin,5.871794871794871,229,39.0,234,10,0.25,0.1956521739130435,0.09090909090909091,121,0.0625,0.0,0.0,0.0,0.4,7.25
2013,S Nadeem,5.886363636363637,259,44.0,264,9,0.15,0.08695652173913043,0.0,103,0.0625,0.0,0.0,1.0,0.2,8.210526315789474
2009,M Kartik,5.911764705882353,201,34.0,204,4,0.1,0.2608695652173913,0.0,88,0.0,0.0,0.0,0.0,0.0,6.512820512820513
2009,SK Raina,5.927710843373494,164,27.666666666666668,166,7,0.1,0.021739130434782608,0.0,63,0.0625,0.16666666666666666,0.0,0.0,0.0,7.468531468531469
2022,Mohsin Khan,5.96969696969697,197,33.0,198,14,0.125,0.2608695652173913,0.0,115,0.0625,0.0,0.0,0.0,0.0,
2020,Washington Sundar,5.98,299,50.0,300,8,0.2,0.043478260869565216,0.09090909090909091,116,0.125,0.0,0.0,0.0,0.0,
2011,SL Malinga,6.0,378,63.0,378,28,0.15,0.4782608695652174,0.2727272727272727,212,1.0,0.0,0.0,0.5,0.0,6.324324324324325
2018,L Ngidi,6.0,156,26.0,156,11,0.15,0.15217391304347827,0.0,86,0.125,0.0,0.0,0.25,0.0,
2011,DL Vettori,6.019354838709678,311,51.666666666666664,310,12,0.175,0.043478260869565216,0.0,125,0.0625,0.3333333333333333,0.0,0.0,0.2,6.742857142857143
2021,Harpreet Brar,6.043478260869565,139,23.0,138,5,0.125,0.10869565217391304,0.0,59,0.1875,0.0,0.0,0.0,0.0,
2011,Iqbal Abdulla,6.1,305,50.0,300,16,0.15,0.10869565217391304,0.0,143,0.125,0.3333333333333333,0.0,0.25,0.2,6.545454545454546
2011,YK Pathan,6.102564102564102,238,39.0,234,13,0.1,0.1956521739130435,0.0,106,0.125,0.3333333333333333,0.0,0.25,0.2,8.272727272727273
2010,R Ashwin,6.104166666666667,293,48.0,288,13,0.2,0.1956521739130435,0.0,141,0.1875,0.16666666666666666,0.0,0.0,0.6,6.158730158730159
2017,P Negi,6.124352331606218,197,32.166666666666664,193,16,0.25,0.15217391304347827,0.0,92,0.1875,0.0,0.0,0.25,0.6,
2012,DW Steyn,6.128571428571429,286,46.666666666666664,280,18,0.05,0.21739130434782608,0.09090909090909091,151,0.3125,0.3333333333333333,0.5,0.5,0.0,5.796610169491526
2014,AR Patel,6.136363636363637,405,66.0,396,17,0.225,0.2391304347826087,0.0,176,0.5,0.0,0.0,0.0,0.6,8.4
2011,R Ashwin,6.158730158730159,388,63.0,378,20,0.275,0.2608695652173913,0.0,171,0.3125,0.16666666666666666,0.0,0.25,0.2,6.5620253164556965
2021,A Nortje,6.164835164835165,187,30.333333333333332,182,12,0.05,0.2826086956521739,0.0,89,0.1875,0.16666666666666666,0.0,0.0,0.0,9.895522388059701
2017,Washington Sundar,6.166666666666667,185,30.0,180,8,0.15,0.043478260869565216,0.0,87,0.0625,0.16666666666666666,0.5,0.0,0.2,9.6
2012,WD Parnell,6.238095238095238,131,21.0,126,5,0.025,0.08695652173913043,0.2727272727272727,56,0.0,0.0,0.0,0.0,0.0,
2013,A Chandila,6.24,156,25.0,150,6,0.1,0.0,0.0,65,0.0,0.0,0.0,0.75,0.0,
2009,RR Powar,6.285714285714286,132,21.0,126,5,0.075,0.15217391304347827,0.0,58,0.125,0.0,0.0,0.0,0.2,7.0
2010,WPUJC Vaas,6.318181818181818,139,22.0,132,9,0.15,0.021739130434782608,0.0,69,0.1875,0.0,0.0,0.0,0.0,
2011,SK Warne,6.319148936170213,297,47.0,282,13,0.2,0.15217391304347827,0.0,122,0.0625,0.0,0.0,0.25,0.4,
2015,MC Henriques,6.32,158,25.0,150,11,0.05,0.15217391304347827,0.0,67,0.0,0.16666666666666666,0.0,0.0,0.0,7.980769230769231
2012,SL Malinga,6.324324324324325,351,55.5,333,22,0.125,0.41304347826086957,0.09090909090909091,165,0.4375,0.3333333333333333,0.0,0.5,0.0,7.209183673469388
2019,RA Jadeja,6.351851851851852,343,54.0,324,15,0.25,0.043478260869565216,0.0,130,0.1875,0.16666666666666666,0.0,0.0,0.4,8.75229357798165
2019,Rashid Khan,6.380165289256198,386,60.5,363,17,0.375,0.13043478260869565,0.0,170,0.1875,0.8333333333333334,0.0,0.0,0.2,5.335051546391752
2009,SL Malinga,6.383838383838384,316,49.5,297,18,0.175,0.6739130434782609,0.36363636363636365,179,0.5625,0.3333333333333333,0.0,0.0,0.0,7.020408163265306
2013,A Mishra,6.387096774193548,396,62.0,372,21,0.4,0.08695652173913043,0.18181818181818182,154,0.125,0.8333333333333334,0.0,0.25,0.6,9.12
2021,Ravi Bishnoi,6.388888888888889,230,36.0,216,12,0.175,0.10869565217391304,0.0,91,0.3125,0.0,0.0,0.0,0.0,8.5
2021,MM Ali,6.394736842105264,162,25.333333333333332,152,6,0.2,0.043478260869565216,0.09090909090909091,52,0.0625,0.16666666666666666,0.0,0.25,0.0,6.62937062937063
2008,SC Ganguly,6.4,128,20.0,120,6,0.125,0.021739130434782608,0.0,51,0.1875,0.0,0.0,0.0,0.0,
2021,NM Coulter-Nile,6.4,128,20.0,120,7,0.05,0.021739130434782608,0.09090909090909091,54,0.1875,0.16666666666666666,0.0,0.25,0.0,
2020,AR Patel,6.411764705882353,327,51.0,306,9,0.175,0.043478260869565216,0.0,102,0.0625,0.0,0.0,0.0,0.0,6.638297872340425
2013,MM Sharma,6.434210526315789,326,50.666666666666664,304,20,0.175,0.15217391304347827,0.0,169,0.1875,0.5,0.0,0.0,0.0,8.396284829721361
2015,Z Khan,6.455172413793103,156,24.166666666666668,145,7,0.05,0.2391304347826087,0.0,86,0.0,0.16666666666666666,0.0,0.0,0.0,7.7175572519083975
2014,SP Narine,6.461538461538462,420,65.0,390,21,0.325,0.043478260869565216,0.18181818181818182,168,0.625,0.3333333333333333,0.0,0.0,0.6,7.3125
2009,RA Jadeja,6.4714285714285715,151,23.333333333333332,140,6,0.025,0.10869565217391304,0.0,51,0.125,0.16666666666666666,0.0,0.0,0.2,
2014,Harbhajan Singh,6.472727272727273,356,55.0,330,14,0.3,0.13043478260869565,0.0,150,0.3125,0.0,0.0,0.0,0.4,7.824561403508772
2021,SP Narine,6.482142857142857,363,56.0,336,16,0.375,0.17391304347826086,0.18181818181818182,137,0.3125,0.5,0.0,0.0,0.2,5.571428571428571
2014,SL Malinga,6.485106382978723,254,39.166666666666664,235,16,0.15,0.1956521739130435,0.09090909090909091,112,0.375,0.0,0.0,0.0,0.0,7.466666666666667
2008,Sohail Tanvir,6.48582995951417,267,41.166666666666664,247,22,0.175,0.43478260869565216,0.09090909090909091,148,0.5,0.5,0.0,0.0,0.0,
2017,Harbhajan Singh,6.487804878048781,266,41.0,246,8,0.25,0.021739130434782608,0.0,99,0.0625,0.0,0.0,0.0,0.0,8.481675392670157
2012,Shakib Al Hasan,6.5,195,30.0,180,12,0.15,0.10869565217391304,0.0,77,0.0625,0.16666666666666666,0.0,0.0,0.6,
2012,M Muralitharan,6.5,260,40.0,240,15,0.225,0.10869565217391304,0.0,90,0.0625,0.16666666666666666,0.0,0.25,0.4,7.739130434782608
2009,PP Ojha,6.5046728971962615,348,53.5,321,18,0.175,0.13043478260869565,0.0,117,0.0625,0.16666666666666666,0.0,0.0,0.8,7.308781869688385
2010,A Kumble,6.505263157894737,412,63.333333333333336,380,17,0.325,0.30434782608695654,0.45454545454545453,166,0.25,0.3333333333333333,0.0,0.0,1.0,
2010,M Kartik,6.512820512820513,254,39.0,234,9,0.075,0.08695652173913043,0.09090909090909091,88,0.25,0.0,0.0,0.25,0.2,8.112
2013,B Kumar,6.526315789473684,372,57.0,342,13,0.125,0.5869565217391305,0.09090909090909091,192,0.125,0.3333333333333333,0.0,0.0,0.2,6.6583072100313485
2013,SMSM Senanayake,6.53125,209,32.0,192,9,0.125,0.06521739130434782,0.0,78,0.25,0.5,0.0,0.0,0.2,
2014,Z Khan,6.537313432835822,146,22.333333333333332,134,5,0.1,0.08695652173913043,0.0,66,0.0,0.16666666666666666,0.0,0.0,0.0,6.455172413793103
2013,J Botha,6.539999999999999,109,16.666666666666668,100,5,0.075,0.043478260869565216,0.0,41,0.0,0.3333333333333333,0.0,0.25,0.0,
2013,Harbhajan Singh,6.542857142857143,458,70.0,420,24,0.375,0.30434782608695654,0.18181818181818182,175,0.3125,0.16666666666666666,0.0,0.5,0.2,6.472727272727273
2008,SM Pollock,6.543478260869565,301,46.0,276,11,0.225,0.08695652173913043,0.0,136,0.0,0.16666666666666666,0.0,0.0,0.2,
2012,Iqbal Abdulla,6.545454545454546,144,22.0,132,4,0.1,0.08695652173913043,0.0,51,0.0,0.16666666666666666,0.0,0.0,0.2,7.539823008849558
2019,RD Chahar,6.553191489361702,308,47.0,282,13,0.4,0.10869565217391304,0.0,130,0.1875,0.16666666666666666,0.0,0.0,0.2,8.169811320754716
2024,JJ Bumrah,6.559485530546623,340,51.833333333333336,311,20,0.25,0.45652173913043476,0.36363636363636365,163,0.375,0.16666666666666666,0.0,0.0,0.0,6.676056338028169
2010,AB Dinda,6.561151079136691,152,23.166666666666668,139,9,0.0,0.10869565217391304,0.0,72,0.125,0.16666666666666666,0.0,0.0,0.0,9.058823529411764
2012,R Ashwin,6.5620253164556965,432,65.83333333333333,395,14,0.325,0.2391304347826087,0.09090909090909091,154,0.125,0.16666666666666666,0.0,0.0,0.0,6.724137931034483
2011,R Bhatia,6.5625,210,32.0,192,8,0.1,0.13043478260869565,0.0,61,0.0625,0.16666666666666666,0.0,0.0,0.0,7.3354231974921635
2020,JC Archer,6.574850299401198,366,55.666666666666664,334,20,0.45,0.21739130434782608,0.18181818181818182,185,0.375,0.0,0.0,0.5,0.0,
2017,GJ Maxwell,6.578947368421052,125,19.0,114,7,0.075,0.021739130434782608,0.0,40,0.125,0.3333333333333333,0.0,0.0,0.0,
2010,DP Nannes,6.58252427184466,226,34.333333333333336,206,7,0.075,0.32608695652173914,0.18181818181818182,108,0.1875,0.0,0.0,0.0,0.0,
2011,MM Patel,6.588957055214724,358,54.333333333333336,326,22,0.125,0.06521739130434782,0.0,158,0.125,0.0,0.0,0.0,0.2,7.95
2022,Rashid Khan,6.595300261096606,421,63.833333333333336,383,19,0.4,0.15217391304347827,0.0,130,0.125,0.8333333333333334,0.0,0.0,0.4,8.238805970149254
2026,SP Narine,6.601941747572815,340,51.5,309,17,0.45,0.0,0.0,139,0.25,0.0,0.0,0.25,0.0,
2013,KV Sharma,6.602870813397129,230,34.833333333333336,209,11,0.275,0.043478260869565216,0.0,92,0.0,0.3333333333333333,0.0,0.25,0.2,7.421052631578948
2008,IK Pathan,6.60377358490566,350,53.0,318,15,0.325,0.41304347826086957,0.0,176,0.4375,0.6666666666666666,0.0,0.0,0.0,7.748344370860927
2010,Yuvraj Singh,6.608695652173913,152,23.0,138,5,0.15,0.021739130434782608,0.0,49,0.0625,0.0,0.0,0.0,0.0,6.655172413793103
2013,P Kumar,6.621301775147929,373,56.333333333333336,338,12,0.3,0.391304347826087,0.0,184,0.3125,0.0,0.0,0.0,0.0,
2013,JA Morkel,6.625,159,24.0,144,7,0.1,0.13043478260869565,0.0,71,0.0625,0.0,0.0,0.25,0.0,
2011,S Sreesanth,6.628272251308901,211,31.833333333333332,191,7,0.15,0.34782608695652173,0.45454545454545453,113,0.0625,0.3333333333333333,0.0,0.0,0.0,
2022,MM Ali,6.62937062937063,158,23.833333333333332,143,8,0.225,0.06521739130434782,0.0,59,0.25,0.0,0.0,0.0,0.0,7.5
2017,Rashid Khan,6.62962962962963,358,54.0,324,17,0.325,0.13043478260869565,0.0,133,0.4375,0.8333333333333334,0.0,0.0,0.0,6.735294117647059
2008,GD McGrath,6.62962962962963,358,54.0,324,12,0.25,0.10869565217391304,0.09090909090909091,166,0.0625,0.16666666666666666,0.0,0.0,0.0,
2020,CH Morris,6.631578947368421,210,31.666666666666668,190,11,0.15,0.30434782608695654,0.0,105,0.0625,0.16666666666666666,0.0,0.0,0.0,9.170731707317072
2021,CV Varun,6.632352941176471,451,68.0,408,18,0.35,0.17391304347826086,0.2727272727272727,157,0.25,0.6666666666666666,0.0,0.0,0.0,8.564102564102564
2021,AR Patel,6.638297872340425,312,47.0,282,15,0.325,0.06521739130434782,0.0,105,0.125,0.5,0.0,0.0,0.2,7.465116279069767
2011,J Botha,6.638888888888889,239,36.0,216,7,0.15,0.06521739130434782,0.0,86,0.1875,0.3333333333333333,0.0,0.0,0.4,7.2439024390243905
2009,FH Edwards,6.642857142857143,155,23.333333333333332,140,5,0.05,0.21739130434782608,0.09090909090909091,84,0.0625,0.16666666666666666,0.0,0.0,0.0,
2019,Mohammad Nabi,6.651428571428571,194,29.166666666666668,175,8,0.225,0.0,0.0,69,0.0625,0.0,0.0,0.0,0.2,
2011,Yuvraj Singh,6.655172413793103,193,29.0,174,9,0.175,0.021739130434782608,0.09090909090909091,63,0.0,0.16666666666666666,0.0,0.25,0.4,
2014,B Kumar,6.6583072100313485,354,53.166666666666664,319,20,0.2,0.17391304347826086,0.0,167,0.375,0.16666666666666666,0.0,0.5,0.0,7.87741935483871
2011,DW Steyn,6.65934065934066,303,45.5,273,14,0.075,0.2826086956521739,0.36363636363636365,150,0.25,0.0,0.0,0.0,0.0,6.128571428571429
2021,Rashid Khan,6.666666666666667,380,57.0,342,18,0.225,0.2391304347826087,0.0,141,0.25,0.6666666666666666,0.0,0.0,0.0,6.595300261096606
2009,A Symonds,6.666666666666667,160,24.0,144,7,0.2,0.08695652173913043,0.0,70,0.0,0.16666666666666666,0.0,0.0,0.4,7.018867924528302
2017,S Nadeem,6.672897196261682,119,17.833333333333332,107,6,0.125,0.06521739130434782,0.0,50,0.0,0.3333333333333333,0.0,0.0,0.2,
2025,JJ Bumrah,6.676056338028169,316,47.333333333333336,284,18,0.3,0.10869565217391304,0.0,133,0.5,0.16666666666666666,0.0,0.0,0.0,8.510204081632653
2014,Shakib Al Hasan,6.68,334,50.0,300,11,0.325,0.17391304347826086,0.0,125,0.125,0.16666666666666666,0.0,0.25,0.6,
2008,DW Steyn,6.684210526315789,254,38.0,228,10,0.125,0.5217391304347826,0.18181818181818182,140,0.1875,0.16666666666666666,0.0,0.0,0.0,
2024,SP Narine,6.6909090909090905,368,55.0,330,17,0.425,0.10869565217391304,0.0,131,0.25,0.5,0.0,0.25,0.0,7.844444444444444
2008,AB Dinda,6.6923076923076925,261,39.0,234,9,0.025,0.32608695652173914,0.09090909090909091,130,0.1875,0.0,0.0,0.0,0.0,8.041666666666666
2019,Imran Tahir,6.699481865284975,431,64.33333333333333,386,26,0.45,0.10869565217391304,0.0,151,0.125,0.16666666666666666,0.0,0.75,0.2,
2012,SW Tait,6.700729927007299,153,22.833333333333332,137,6,0.05,0.5434782608695652,0.18181818181818182,87,0.125,0.0,0.0,0.25,0.0,
2010,DE Bollinger,6.709677419354839,208,31.0,186,12,0.2,0.17391304347826086,0.09090909090909091,103,0.25,0.16666666666666666,0.0,0.0,0.0,7.0212765957446805
2017,AJ Tye,6.714285714285714,141,21.0,126,12,0.1,0.043478260869565216,0.0,51,0.125,0.0,0.0,0.0,0.0,8.035714285714286
2011,SR Watson,6.722222222222222,242,36.0,216,6,0.075,0.2608695652173913,0.09090909090909091,95,0.0625,0.0,0.0,0.25,0.0,7.043478260869565
2013,R Ashwin,6.724137931034483,390,58.0,348,15,0.425,0.13043478260869565,0.0,133,0.1875,0.16666666666666666,0.0,0.25,0.2,7.303621169916434
2018,Rashid Khan,6.735294117647059,458,68.0,408,21,0.475,0.06521739130434782,0.0,170,0.4375,0.8333333333333334,0.0,0.0,0.2,6.380165289256198
2009,R Bhatia,6.7384615384615385,146,21.666666666666668,130,10,0.05,0.08695652173913043,0.0,49,0.375,0.0,0.0,0.0,0.0,
2012,DL Vettori,6.742857142857143,236,35.0,210,5,0.125,0.043478260869565216,0.0,73,0.0625,0.0,0.0,0.0,0.2,
2013,STR Binny,6.75,162,24.0,144,6,0.125,0.10869565217391304,0.0,63,0.125,0.0,0.0,0.0,0.0,
2019,A Mishra,6.75,270,40.0,240,11,0.25,0.06521739130434782,0.0,86,0.0625,0.0,0.0,0.0,0.4,
2011,A Mishra,6.75,360,53.333333333333336,320,19,0.35,0.08695652173913043,0.18181818181818182,140,0.1875,0.3333333333333333,0.0,0.25,0.4,8.063829787234043
2019,JJ Bumrah,6.754010695187166,421,62.333333333333336,374,20,0.275,0.1956521739130435,0.36363636363636365,175,0.1875,0.5,0.0,0.0,0.0,6.790322580645161
2013,JP Faulkner,6.759894459102902,427,63.166666666666664,379,28,0.225,0.34782608695652173,0.0,186,0.5,0.3333333333333333,0.0,0.0,0.0,9.795454545454545
2019,MM Ali,6.76,169,25.0,150,6,0.2,0.021739130434782608,0.0,64,0.0625,0.5,0.0,0.0,0.0,
2016,A Zampa,6.764705882352941,115,17.0,102,12,0.125,0.10869565217391304,0.0,35,0.0625,0.16666666666666666,0.0,0.0,0.4,8.218487394957984
2009,JD Ryder,6.764705882352941,115,17.0,102,3,0.15,0.043478260869565216,0.0,45,0.0625,0.0,0.0,0.0,0.0,
2021,Mohammed Siraj,6.788461538461538,353,52.0,312,11,0.15,0.1956521739130435,0.0,156,0.125,0.16666666666666666,0.0,0.0,0.0,10.137254901960784
2020,JJ Bumrah,6.790322580645161,421,62.0,372,29,0.325,0.2608695652173913,0.09090909090909091,189,0.5,0.5,0.0,0.0,0.0,7.545454545454546
2019,JC Archer,6.790697674418604,292,43.0,258,11,0.35,0.10869565217391304,0.18181818181818182,126,0.0625,0.16666666666666666,0.0,0.0,0.0,6.574850299401198
2015,MA Starc,6.790697674418604,292,43.0,258,20,0.05,0.34782608695652173,0.09090909090909091,126,0.625,0.16666666666666666,0.0,0.0,0.0,
2009,Z Khan,6.809523809523809,143,21.0,126,6,0.075,0.15217391304347827,0.09090909090909091,57,0.1875,0.0,0.0,0.0,0.0,7.8
2012,Ankit Sharma,6.827586206896552,165,24.166666666666668,145,4,0.225,0.043478260869565216,0.0,65,0.125,0.0,0.0,0.0,0.0,
2009,AD Mascarenhas,6.8275862068965525,132,19.333333333333332,116,6,0.125,0.0,0.0,59,0.0625,0.0,0.0,0.0,0.0,
2011,CH Gayle,6.833333333333333,246,36.0,216,8,0.25,0.2826086956521739,0.18181818181818182,95,0.1875,0.16666666666666666,0.0,0.0,0.0,
2022,MJ Santner,6.842105263157895,130,19.0,114,4,0.1,0.0,0.0,43,0.0,0.0,0.0,0.25,0.0,
2020,CV Varun,6.846153846153846,356,52.0,312,17,0.225,0.021739130434782608,0.0,112,0.3125,0.16666666666666666,0.0,0.25,0.0,6.632352941176471
2017,KH Pandya,6.85,274,40.0,240,10,0.175,0.13043478260869565,0.09090909090909091,82,0.0625,0.0,0.0,0.25,0.2,7.070539419087138
2013,SK Trivedi,6.852367688022284,410,59.833333333333336,359,12,0.175,0.21739130434782608,0.0,144,0.125,0.16666666666666666,0.0,0.0,0.0,
2013,R Sharma,6.853658536585366,281,41.0,246,9,0.175,0.021739130434782608,0.0,87,0.125,0.3333333333333333,0.0,0.0,0.0,
2015,GB Hogg,6.857142857142857,144,21.0,126,9,0.225,0.043478260869565216,0.0,55,0.1875,0.16666666666666666,0.0,0.0,0.2,
2011,Shakib Al Hasan,6.862745098039215,175,25.5,153,11,0.175,0.15217391304347827,0.0,66,0.3125,0.16666666666666666,0.0,0.0,0.2,6.5
2009,PP Chawla,6.869888475836431,308,44.833333333333336,269,12,0.3,0.10869565217391304,0.0,120,0.0625,0.16666666666666666,0.0,0.0,0.0,7.489795918367347
2022,GJ Maxwell,6.875,165,24.0,144,6,0.275,0.043478260869565216,0.0,65,0.1875,0.16666666666666666,0.0,0.0,0.0,
2010,DW Steyn,6.88135593220339,406,59.0,354,15,0.15,0.6304347826086957,0.0,199,0.125,0.16666666666666666,0.0,0.0,0.0,6.65934065934066
2009,A Nehra,6.882352941176471,351,51.0,306,19,0.225,0.43478260869565216,0.45454545454545453,160,0.3125,0.3333333333333333,0.0,0.25,0.0,
2012,P Kumar,6.888888888888889,434,63.0,378,9,0.225,0.4782608695652174,0.0,196,0.0,0.0,0.0,0.0,0.0,6.621301775147929
2011,RP Singh,6.9,345,50.0,300,13,0.15,0.30434782608695654,0.0,160,0.3125,0.3333333333333333,0.0,0.25,0.0,7.804878048780488
2016,Mustafizur Rahman,6.901639344262295,421,61.0,366,17,0.25,0.21739130434782608,0.0,153,0.1875,0.16666666666666666,0.0,0.0,0.0,
2010,A Mishra,6.90566037735849,366,53.0,318,17,0.4,0.2391304347826087,0.2727272727272727,145,0.25,0.16666666666666666,0.0,0.0,0.4,6.75
2013,Yuvraj Singh,6.909090909090909,152,22.0,132,6,0.075,0.021739130434782608,0.0,40,0.125,0.0,0.0,0.0,0.0,8.25
2012,P Negi,6.909090909090909,152,22.0,132,7,0.175,0.021739130434782608,0.0,51,0.0625,0.0,0.0,0.25,0.2,
2012,BW Hilfenhaus,6.911764705882353,235,34.0,204,14,0.225,0.2391304347826087,0.18181818181818182,119,0.1875,0.0,0.0,0.0,0.0,
2008,MF Maharoof,6.916666666666667,249,36.0,216,15,0.25,0.2391304347826087,0.0,100,0.25,0.16666666666666666,0.0,0.0,0.0,
2018,JJ Bumrah,6.925925925925926,374,54.0,324,17,0.275,0.2826086956521739,0.18181818181818182,141,0.125,0.0,0.0,0.0,0.0,6.754010695187166
2009,YK Pathan,6.942857142857143,243,35.0,210,7,0.175,0.2391304347826087,0.0,98,0.0625,0.3333333333333333,0.0,0.0,0.2,7.235294117647059
2009,I Sharma,6.953488372093023,299,43.0,258,11,0.175,0.34782608695652173,0.18181818181818182,145,0.0,0.0,0.0,0.0,0.0,9.48
2010,M Muralitharan,6.965753424657534,339,48.666666666666664,292,16,0.375,0.41304347826086957,0.0,147,0.125,0.5,0.0,0.0,0.4,7.421052631578948
2008,M Ntini,6.9714285714285715,244,35.0,210,7,0.2,0.08695652173913043,0.18181818181818182,110,0.25,0.0,0.0,0.0,0.0,
2022,KH Pandya,6.973684210526316,265,38.0,228,10,0.2,0.08695652173913043,0.0,76,0.0,0.16666666666666666,0.0,0.0,0.0,7.4523809523809526
2017,KV Sharma,6.978260869565217,214,30.666666666666668,184,13,0.275,0.10869565217391304,0.0,83,0.0,0.3333333333333333,0.0,0.25,0.2,
2011,Harbhajan Singh,6.981132075471698,370,53.0,318,14,0.275,0.2608695652173913,0.0,139,0.125,0.3333333333333333,0.0,0.5,0.4,7.111111111111111
2008,M Muralitharan,6.982758620689655,405,58.0,348,11,0.35,0.5652173913043478,0.09090909090909091,159,0.1875,0.0,0.0,0.0,0.0,5.22
2017,SP Narine,6.983050847457627,412,59.0,354,10,0.15,0.391304347826087,0.0,141,0.1875,0.5,0.0,0.25,0.4,7.655737704918033
2018,Mujeeb Ur Rahman,6.991935483870967,289,41.333333333333336,248,14,0.225,0.15217391304347827,0.0,99,0.25,0.16666666666666666,0.0,0.0,0.2,10.052631578947368
2009,RG Sharma,7.0,161,23.0,138,11,0.1,0.043478260869565216,0.0,42,0.25,0.0,0.0,0.25,0.2,8.052631578947368
2010,RR Powar,7.0,161,23.0,138,3,0.1,0.30434782608695654,0.09090909090909091,71,0.0625,0.0,0.0,0.0,0.2,
2008,A Mishra,7.008403361344539,139,19.833333333333332,119,11,0.2,0.08695652173913043,0.09090909090909091,48,0.1875,0.0,0.0,0.0,0.4,7.114624505928854
2014,YS Chahal,7.0181818181818185,386,55.0,330,12,0.475,0.13043478260869565,0.0,121,0.0625,0.0,0.0,0.0,0.2,8.861209964412812
2010,A Symonds,7.018867924528302,372,53.0,318,12,0.325,0.15217391304347827,0.0,125,0.125,0.16666666666666666,0.0,0.25,0.0,
2015,Sandeep Sharma,7.02,351,50.0,300,13,0.25,0.2391304347826087,0.09090909090909091,158,0.1875,0.6666666666666666,0.0,0.0,0.0,7.32
2010,SL Malinga,7.020408163265306,344,49.0,294,15,0.125,0.5217391304347826,0.0,141,0.5,0.0,0.0,0.0,0.0,6.0
2011,DE Bollinger,7.0212765957446805,330,47.0,282,17,0.175,0.3695652173913043,0.09090909090909091,135,0.1875,0.0,0.0,0.5,0.0,8.722222222222221
2016,CH Morris,7.0227272727272725,309,44.0,264,13,0.175,0.30434782608695654,0.09090909090909091,121,0.4375,0.16666666666666666,0.0,0.0,0.0,7.741935483870968
2017,JD Unadkat,7.025454545454545,322,45.833333333333336,275,24,0.425,0.08695652173913043,0.0,130,0.3125,0.0,0.0,1.0,0.0,9.675496688741722
2012,SR Watson,7.043478260869565,162,23.0,138,6,0.05,0.13043478260869565,0.09090909090909091,72,0.125,0.0,0.0,0.0,0.0,7.152
2017,MG Johnson,7.05,141,20.0,120,7,0.075,0.13043478260869565,0.0,63,0.0625,0.0,0.0,0.0,0.0,10.285714285714286
2012,GB Hogg,7.055555555555555,254,36.0,216,10,0.125,0.17391304347826086,0.09090909090909091,81,0.125,0.16666666666666666,0.0,0.0,0.4,
2021,YS Chahal,7.056603773584905,374,53.0,318,18,0.425,0.10869565217391304,0.0,132,0.1875,0.5,0.0,0.0,0.2,7.75
2010,Harbhajan Singh,7.065420560747664,378,53.5,321,17,0.3,0.3695652173913043,0.09090909090909091,122,0.25,0.16666666666666666,0.0,0.5,0.4,6.981132075471698
2012,S Nadeem,7.066666666666666,318,45.0,270,8,0.275,0.10869565217391304,0.0,95,0.1875,0.16666666666666666,0.0,0.0,0.0,5.886363636363637
2017,B Kumar,7.070063694267516,370,52.333333333333336,314,26,0.225,0.2391304347826087,0.09090909090909091,140,0.375,0.3333333333333333,0.0,0.25,0.0,7.7111913357400725
2018,KH Pandya,7.070539419087138,284,40.166666666666664,241,12,0.2,0.10869565217391304,0.0,90,0.0,0.16666666666666666,0.0,0.25,0.2,7.282608695652174
2011,JH Kallis,7.083333333333333,170,24.0,144,7,0.05,0.13043478260869565,0.0,60,0.125,0.0,0.0,0.0,0.0,7.5
2013,R Rampaul,7.086206896551724,274,38.666666666666664,232,15,0.325,0.1956521739130435,0.18181818181818182,127,0.0625,0.16666666666666666,0.0,0.0,0.0,
2019,Harbhajan Singh,7.090909090909091,312,44.0,264,16,0.375,0.15217391304347827,0.0,122,0.0625,0.0,0.0,0.25,0.4,
2009,MM Patel,7.090909090909091,247,34.833333333333336,209,16,0.225,0.21739130434782608,0.5454545454545454,118,0.0625,0.3333333333333333,0.0,0.75,0.0,
2009,Yuvraj Singh,7.1,142,20.0,120,6,0.1,0.021739130434782608,0.0,49,0.125,0.16666666666666666,0.0,0.0,0.2,6.608695652173913
2021,RA Jadeja,7.1020408163265305,348,49.0,294,13,0.35,0.13043478260869565,0.18181818181818182,109,0.25,0.3333333333333333,0.0,0.0,0.0,7.515151515151516
2009,RP Singh,7.106145251396648,424,59.666666666666664,358,23,0.3,0.5217391304347826,0.6363636363636364,196,0.3125,0.0,0.0,0.25,0.0,8.80952380952381
2012,Harbhajan Singh,7.111111111111111,384,54.0,324,6,0.35,0.3695652173913043,0.0,133,0.0,0.16666666666666666,0.5,0.0,0.4,6.542857142857143
2009,A Mishra,7.114624505928854,300,42.166666666666664,253,14,0.325,0.1956521739130435,0.5454545454545454,109,0.0625,0.16666666666666666,0.0,0.0,1.0,6.90566037735849
2020,YS Chahal,7.1195335276967935,407,57.166666666666664,343,21,0.4,0.17391304347826086,0.18181818181818182,121,0.375,0.16666666666666666,0.0,0.25,0.2,7.056603773584905
2016,SP Narine,7.125,304,42.666666666666664,256,11,0.275,0.21739130434782608,0.0,119,0.1875,0.5,0.0,0.25,0.0,6.983050847457627
2020,R Tewatia,7.130434782608695,328,46.0,276,10,0.4,0.21739130434782608,0.18181818181818182,104,0.0625,0.0,0.0,0.0,0.4,9.18918918918919
2018,A Mishra,7.135135135135135,264,37.0,222,12,0.25,0.10869565217391304,0.0,78,0.1875,0.0,0.0,0.0,0.4,6.75
2019,AR Patel,7.137254901960785,364,51.0,306,10,0.425,0.021739130434782608,0.0,111,0.0625,0.16666666666666666,0.0,0.25,0.2,6.411764705882353
2013,SR Watson,7.152,298,41.666666666666664,250,13,0.2,0.13043478260869565,0.0,120,0.125,0.16666666666666666,0.0,0.0,0.2,8.0
2008,SR Watson,7.163076923076924,388,54.166666666666664,325,17,0.15,0.41304347826086957,0.45454545454545453,182,0.0625,0.0,0.0,0.25,0.0,
2013,PP Chawla,7.1657142857142855,418,58.333333333333336,350,11,0.3,0.043478260869565216,0.0,125,0.25,0.3333333333333333,0.0,0.25,0.2,7.670886075949367
2022,UT Yadav,7.166666666666667,344,48.0,288,16,0.325,0.1956521739130435,0.45454545454545453,151,0.125,0.16666666666666666,0.0,0.5,0.0,9.947368421052632
2013,MG Johnson,7.171875,459,64.0,384,24,0.225,0.5,0.0,215,0.3125,0.16666666666666666,0.0,0.0,0.0,8.411214953271028
2017,BA Stokes,7.181818181818182,316,44.0,264,12,0.275,0.2391304347826087,0.0,126,0.3125,0.0,0.0,0.0,0.0,8.216216216216216
2023,AR Patel,7.191489361702128,338,47.0,282,11,0.375,0.21739130434782608,0.0,111,0.25,0.16666666666666666,0.0,0.0,0.0,7.659090909090909
2021,Shakib Al Hasan,7.1923076923076925,187,26.0,156,4,0.225,0.043478260869565216,0.0,51,0.125,0.0,0.0,0.0,0.2,
2020,Sandeep Sharma,7.1923076923076925,374,52.0,312,14,0.325,0.10869565217391304,0.0,124,0.25,0.16666666666666666,0.0,0.0,0.0,8.680851063829786
2015,IC Pandey,7.193548387096774,223,31.0,186,11,0.2,0.06521739130434782,0.0,98,0.1875,0.0,0.0,0.0,0.0,
2022,JJ Bumrah,7.199999999999999,384,53.333333333333336,320,15,0.275,0.15217391304347827,0.09090909090909091,145,0.25,0.16666666666666666,0.0,0.25,0.0,
2024,M Theekshana,7.2,144,20.0,120,2,0.175,0.021739130434782608,0.0,47,0.0625,0.0,0.0,0.0,0.0,9.80952380952381
2016,R Bhatia,7.205882352941177,245,34.0,204,6,0.275,0.08695652173913043,0.09090909090909091,62,0.0625,0.3333333333333333,0.0,0.0,0.0,
2012,M Morkel,7.2063492063492065,454,63.0,378,25,0.225,0.32608695652173914,0.09090909090909091,171,0.5,0.16666666666666666,0.0,0.0,0.0,8.45
2012,AB Dinda,7.208333333333333,173,24.0,144,9,0.125,0.2391304347826087,0.36363636363636365,71,0.0625,0.16666666666666666,0.0,0.0,0.0,9.53061224489796
2013,SL Malinga,7.209183673469388,471,65.33333333333333,392,20,0.225,0.32608695652173914,0.2727272727272727,170,0.4375,0.8333333333333334,0.0,0.25,0.0,6.485106382978723
2009,S Tyagi,7.2105263157894735,137,19.0,114,5,0.1,0.08695652173913043,0.09090909090909091,66,0.125,0.0,0.0,0.0,0.0,
2012,RJ Harris,7.222222222222222,130,18.0,108,8,0.075,0.021739130434782608,0.0,52,0.0625,0.0,0.0,0.0,0.0,
2010,SE Bond,7.225806451612903,224,31.0,186,9,0.075,0.13043478260869565,0.0,81,0.0625,0.16666666666666666,0.0,0.25,0.0,
2012,B Kumar,7.230769230769231,282,39.0,234,8,0.25,0.21739130434782608,0.09090909090909091,99,0.1875,0.0,0.0,0.0,0.0,6.526315789473684
2010,YK Pathan,7.235294117647059,246,34.0,204,5,0.15,0.21739130434782608,0.0,78,0.125,0.16666666666666666,0.0,0.25,0.0,6.102564102564102
2012,J Botha,7.2439024390243905,297,41.0,246,9,0.2,0.10869565217391304,0.0,99,0.1875,0.3333333333333333,0.0,0.25,0.0,6.539999999999999
2011,PP Ojha,7.248868778280542,267,36.833333333333336,221,10,0.275,0.06521739130434782,0.0,94,0.25,0.0,0.0,0.0,0.2,7.366666666666666
2016,R Ashwin,7.25,319,44.0,264,10,0.25,0.43478260869565216,0.0,109,0.0625,0.3333333333333333,0.0,0.0,0.2,
2012,KK Cooper,7.25,174,24.0,144,10,0.175,0.10869565217391304,0.0,67,0.25,0.0,0.0,0.0,0.0,8.314814814814815
2019,S Gopal,7.25,348,48.0,288,20,0.425,0.021739130434782608,0.09090909090909091,107,0.125,0.16666666666666666,0.0,0.5,0.2,8.54
2010,Harmeet Singh,7.25,174,24.0,144,8,0.125,0.2391304347826087,0.0,69,0.125,0.5,0.0,0.0,0.0,
2011,I Sharma,7.25,319,44.0,264,11,0.175,0.2391304347826087,0.45454545454545453,140,0.1875,0.16666666666666666,0.0,0.0,0.0,
2015,A Nehra,7.258064516129032,450,62.0,372,22,0.325,0.2826086956521739,0.09090909090909091,187,0.1875,0.5,0.0,0.0,0.0,7.653846153846154
2011,WD Parnell,7.261363636363637,213,29.333333333333332,176,9,0.05,0.45652173913043476,0.0,88,0.125,0.0,0.0,0.0,0.0,6.238095238095238
2011,RA Jadeja,7.261904761904762,305,42.0,252,8,0.3,0.2391304347826087,0.0,101,0.125,0.16666666666666666,0.0,0.0,0.2,7.8
2014,PV Tambe,7.26530612244898,356,49.0,294,15,0.225,0.30434782608695654,0.0,107,0.0,0.5,0.0,0.5,0.4,7.823529411764706
2014,JP Duminy,7.2727272727272725,240,33.0,198,3,0.2,0.21739130434782608,0.0,68,0.0625,0.0,0.0,0.0,0.0,7.411764705882353
2019,R Ashwin,7.2727272727272725,400,55.0,330,15,0.375,0.2608695652173913,0.0,112,0.25,0.16666666666666666,0.0,0.0,0.0,7.666666666666667
2013,PP Ojha,7.280254777070064,381,52.333333333333336,314,16,0.375,0.17391304347826086,0.0,119,0.125,0.16666666666666666,0.0,0.0,0.2,8.26086956521739
2013,M Kartik,7.282051282051282,284,39.0,234,9,0.175,0.1956521739130435,0.0,81,0.0,0.3333333333333333,0.0,0.0,0.2,
2019,KH Pandya,7.282608695652174,335,46.0,276,12,0.3,0.13043478260869565,0.0,100,0.25,0.16666666666666666,0.0,0.75,0.2,7.574750830564785
2009,RE van der Merwe,7.294117647058823,248,34.0,204,9,0.25,0.10869565217391304,0.0,67,0.125,0.3333333333333333,0.0,0.25,0.0,
2009,SK Warne,7.3,365,50.0,300,14,0.35,0.3695652173913043,0.0,126,0.125,0.5,0.0,0.25,0.4,7.62
2014,R Ashwin,7.303621169916434,437,59.833333333333336,359,16,0.525,0.5,0.0,159,0.125,0.5,0.0,0.0,0.0,5.871794871794871
2010,PP Ojha,7.308781869688385,430,58.833333333333336,353,21,0.425,0.2391304347826087,0.09090909090909091,146,0.25,0.16666666666666666,0.0,0.0,0.8,7.248868778280542
2011,SK Raina,7.3090909090909095,201,27.5,165,4,0.2,0.17391304347826086,0.0,76,0.0,0.16666666666666666,0.0,0.25,0.2,
2022,HH Pandya,7.311475409836065,223,30.5,183,8,0.15,0.13043478260869565,0.09090909090909091,82,0.0625,0.0,0.0,0.5,0.0,9.16
2015,SP Narine,7.3125,234,32.0,192,7,0.275,0.08695652173913043,0.0,84,0.25,0.0,0.0,0.25,0.0,7.125
2016,Sandeep Sharma,7.32,366,50.0,300,15,0.3,0.1956521739130435,0.0,141,0.125,0.0,0.0,0.0,0.2,8.3125
2018,YS Chahal,7.32,366,50.0,300,12,0.4,0.3695652173913043,0.2727272727272727,141,0.375,0.0,0.0,0.25,0.4,7.824324324324324
2015,S Aravind,7.333333333333333,132,18.0,108,8,0.075,0.043478260869565216,0.0,49,0.1875,0.0,0.0,0.25,0.0,7.405714285714286
2012,R Bhatia,7.3354231974921635,390,53.166666666666664,319,13,0.325,0.08695652173913043,0.09090909090909091,92,0.125,0.0,0.0,0.0,0.0,7.574144486692015
2018,DL Chahar,7.336244541484716,280,38.166666666666664,229,10,0.25,0.41304347826086957,0.18181818181818182,135,0.125,0.16666666666666666,0.0,0.0,0.0,7.51937984496124
2021,Shivam Mavi,7.33678756476684,236,32.166666666666664,193,11,0.1,0.2391304347826087,0.2727272727272727,100,0.25,0.0,0.0,0.0,0.0,10.409090909090908
2025,JD Unadkat,7.342657342657343,175,23.833333333333332,143,11,0.1,0.06521739130434782,0.0,57,0.0625,0.0,0.0,0.5,0.0,
2012,PP Chawla,7.350877192982456,419,57.0,342,16,0.475,0.13043478260869565,0.0,130,0.375,0.16666666666666666,0.0,0.25,0.4,7.1657142857142855
2010,SK Trivedi,7.352112676056338,261,35.5,213,11,0.175,0.10869565217391304,0.09090909090909091,79,0.0625,0.0,0.0,0.0,0.0,8.57943925233645
2016,J Yadav,7.352941176470588,125,17.0,102,2,0.075,0.043478260869565216,0.0,40,0.0625,0.0,0.0,0.0,0.0,
2012,SK Trivedi,7.365384615384615,383,52.0,312,13,0.225,0.4782608695652174,0.2727272727272727,106,0.25,0.0,0.0,0.25,0.0,6.852367688022284
2012,PP Ojha,7.366666666666666,221,30.0,180,9,0.3,0.1956521739130435,0.09090909090909091,73,0.125,0.3333333333333333,0.0,0.0,0.0,7.280254777070064
2023,Kuldeep Yadav,7.36734693877551,361,49.0,294,10,0.45,0.13043478260869565,0.0,92,0.0625,0.16666666666666666,0.0,0.25,0.0,8.674418604651162
2015,STR Binny,7.368421052631579,140,19.0,114,4,0.15,0.10869565217391304,0.0,64,0.0625,0.16666666666666666,0.0,0.0,0.0,7.882352941176471
2008,SB Styris,7.37037037037037,199,27.0,162,3,0.275,0.10869565217391304,0.0,68,0.0,0.0,0.0,0.0,0.0,
2020,Ravi Bishnoi,7.372549019607843,376,51.0,306,12,0.425,0.30434782608695654,0.0,134,0.1875,0.3333333333333333,0.0,0.0,0.0,6.388888888888889
2025,Kuldeep Yadav,7.377358490566038,391,53.0,318,15,0.375,0.13043478260869565,0.09090909090909091,113,0.0625,0.16666666666666666,0.0,0.0,0.0,10.297297297297296
2022,B Kumar,7.380191693290735,385,52.166666666666664,313,12,0.3,0.5434782608695652,0.18181818181818182,156,0.0,0.0,0.0,0.0,0.0,8.333333333333334
2012,AD Mathews,7.384615384615385,192,26.0,156,7,0.125,0.06521739130434782,0.0,55,0.125,0.16666666666666666,0.0,0.0,0.0,7.741935483870968
2018,RA Jadeja,7.390243902439025,303,41.0,246,11,0.3,0.17391304347826086,0.0,86,0.3125,0.0,0.0,0.5,0.0,6.351851851851852
2015,M Morkel,7.392857142857143,207,28.0,168,10,0.2,0.13043478260869565,0.09090909090909091,85,0.0,0.0,0.0,0.0,0.0,8.422535211267606
2021,Avesh Khan,7.39344262295082,451,61.0,366,24,0.375,0.391304347826087,0.09090909090909091,172,0.4375,0.16666666666666666,0.0,0.0,0.0,8.748251748251748
2021,RD Chahar,7.395348837209302,318,43.0,258,13,0.375,0.06521739130434782,0.0,96,0.0625,0.0,0.0,0.25,0.4,7.714285714285714
2016,S Aravind,7.405714285714286,216,29.166666666666668,175,11,0.15,0.2391304347826087,0.0,75,0.125,0.16666666666666666,0.0,0.0,0.0,9.049180327868852
2015,JP Duminy,7.411764705882353,126,17.0,102,8,0.1,0.10869565217391304,0.0,39,0.1875,0.16666666666666666,0.0,0.25,0.0,
2008,MS Gony,7.416666666666667,445,60.0,360,17,0.4,0.2391304347826087,0.18181818181818182,174,0.3125,0.16666666666666666,0.0,0.25,0.0,10.176470588235293
2012,M Kartik,7.416666666666667,267,36.0,216,4,0.225,0.30434782608695654,0.09090909090909091,85,0.0,0.0,0.0,0.25,0.4,7.282051282051282
2011,M Muralitharan,7.421052631578948,141,19.0,114,2,0.2,0.08695652173913043,0.0,50,0.0625,0.0,0.0,0.0,0.0,6.5
2014,KV Sharma,7.421052631578948,376,50.666666666666664,304,15,0.525,0.06521739130434782,0.0,128,0.125,0.3333333333333333,0.0,0.0,0.2,8.334728033472803
2014,WD Parnell,7.425414364640884,224,30.166666666666668,181,6,0.125,0.1956521739130435,0.09090909090909091,97,0.0,0.16666666666666666,0.0,0.0,0.0,
2020,LH Ferguson,7.426229508196721,151,20.333333333333332,122,8,0.075,0.10869565217391304,0.09090909090909091,54,0.25,0.0,0.0,0.0,0.0,7.533333333333333
2016,DS Kulkarni,7.428571428571429,364,49.0,294,18,0.275,0.06521739130434782,0.0,134,0.1875,0.0,0.0,0.0,0.0,9.185840707964603
2010,KA Pollard,7.4324324324324325,275,37.0,222,15,0.15,0.2391304347826087,0.09090909090909091,70,0.0625,0.0,0.0,0.5,0.0,8.541176470588235
2021,R Ashwin,7.432835820895523,332,44.666666666666664,268,7,0.375,0.21739130434782608,0.09090909090909091,104,0.0,0.16666666666666666,0.0,0.25,0.2,7.522388059701493
2016,B Kumar,7.4393939393939394,491,66.0,396,23,0.2,0.5217391304347826,0.09090909090909091,186,0.375,0.16666666666666666,0.0,0.25,0.0,7.070063694267516
2013,IK Pathan,7.441558441558441,382,51.333333333333336,308,10,0.2,0.17391304347826086,0.0,149,0.0625,0.0,0.0,0.25,0.0,8.661971830985916
2014,SK Raina,7.444444444444445,134,18.0,108,1,0.125,0.021739130434782608,0.0,36,0.0,0.0,0.0,0.0,0.0,
2014,R Bhatia,7.447368421052632,283,38.0,228,12,0.225,0.08695652173913043,0.0,64,0.25,0.0,0.0,0.25,0.0,
2017,DT Christian,7.45,298,40.0,240,11,0.225,0.1956521739130435,0.0,88,0.0,0.3333333333333333,0.0,0.0,0.0,
2011,DS Kulkarni,7.45,149,20.0,120,5,0.075,0.17391304347826086,0.0,52,0.125,0.16666666666666666,0.0,0.0,0.0,
2009,RJ Harris,7.451612903225806,231,31.0,186,6,0.2,0.13043478260869565,0.09090909090909091,94,0.0625,0.0,0.0,0.0,0.0,7.5978260869565215
2023,KH Pandya,7.4523809523809526,313,42.0,252,9,0.275,0.021739130434782608,0.0,97,0.1875,0.16666666666666666,0.0,0.0,0.2,7.7272727272727275
2022,M Theekshana,7.457142857142857,261,35.0,210,12,0.275,0.043478260869565216,0.0,70,0.1875,0.3333333333333333,0.0,0.0,0.0,8.0
2020,M Ashwin,7.4603174603174605,235,31.5,189,10,0.225,0.043478260869565216,0.0,72,0.3125,0.16666666666666666,0.0,0.0,0.0,
2022,AR Patel,7.465116279069767,321,43.0,258,6,0.375,0.08695652173913043,0.0,89,0.125,0.16666666666666666,0.0,0.0,0.2,7.191489361702128
2015,SL Malinga,7.466666666666667,448,60.0,360,24,0.225,0.41304347826086957,0.36363636363636365,164,0.375,0.16666666666666666,0.0,0.0,0.0,
2010,SK Raina,7.468531468531469,178,23.833333333333332,143,6,0.15,0.08695652173913043,0.0,47,0.0,0.3333333333333333,0.0,0.0,0.2,7.3090909090909095
2011,S Nadeem,7.473684210526316,142,19.0,114,4,0.15,0.021739130434782608,0.0,41,0.0,0.0,0.0,0.0,0.0,7.066666666666666
2009,SB Jakati,7.482758620689655,217,29.0,174,13,0.25,0.021739130434782608,0.0,66,0.3125,0.16666666666666666,0.0,0.0,0.4,7.657894736842105
2015,HV Patel,7.482889733840304,328,43.833333333333336,263,17,0.275,0.1956521739130435,0.0,120,0.125,0.3333333333333333,0.0,0.0,0.0,
2010,PP Chawla,7.489795918367347,367,49.0,294,12,0.3,0.13043478260869565,0.0,99,0.25,0.16666666666666666,0.0,0.0,0.8,8.129032258064516
2012,UT Yadav,7.491803278688525,457,61.0,366,19,0.3,0.391304347826087,0.36363636363636365,166,0.125,0.0,0.0,0.0,0.0,8.906515580736544
2009,Kamran Khan,7.499999999999999,140,18.666666666666668,112,7,0.075,0.1956521739130435,0.09090909090909091,56,0.125,0.0,0.0,0.0,0.0,
2011,B Lee,7.5,340,45.333333333333336,272,5,0.125,0.34782608695652173,0.18181818181818182,130,0.125,0.0,0.0,0.0,0.0,7.921052631578948
2014,KK Cooper,7.5,135,18.0,108,4,0.125,0.043478260869565216,0.09090909090909091,45,0.0625,0.0,0.0,0.0,0.0,
2011,P Kumar,7.5,345,46.0,276,10,0.25,0.2391304347826087,0.0,150,0.125,0.16666666666666666,0.0,0.0,0.0,6.888888888888889
2012,JH Kallis,7.5,405,54.0,324,15,0.15,0.2608695652173913,0.18181818181818182,130,0.125,0.5,0.0,0.0,0.0,7.509433962264151
2011,R Vinay Kumar,7.5,335,44.666666666666664,268,12,0.125,0.21739130434782608,0.0,120,0.0625,0.16666666666666666,0.0,0.25,0.0,8.632835820895522
2023,MM Ali,7.5,195,26.0,156,9,0.3,0.021739130434782608,0.0,58,0.125,0.16666666666666666,0.0,0.25,0.0,
2013,RA Jadeja,7.505791505791506,324,43.166666666666664,259,13,0.425,0.06521739130434782,0.09090909090909091,100,0.0,0.5,0.0,0.5,0.2,8.153374233128835
2017,JJ Bumrah,7.50828729281768,453,60.333333333333336,362,20,0.225,0.2608695652173913,0.8181818181818182,140,0.4375,0.6666666666666666,0.0,0.25,0.0,6.925925925925926
2013,JH Kallis,7.509433962264151,398,53.0,318,16,0.3,0.2391304347826087,0.36363636363636365,133,0.4375,0.0,0.0,0.0,0.0,8.454545454545455
2023,R Ashwin,7.510204081632653,368,49.0,294,14,0.35,0.34782608695652173,0.0,105,0.125,0.3333333333333333,0.0,0.0,0.0,8.49090909090909
2009,DP Nannes,7.515151515151516,372,49.5,297,15,0.175,0.5,0.0,167,0.0625,0.16666666666666666,0.0,0.25,0.0,6.58252427184466
2022,RA Jadeja,7.515151515151516,248,33.0,198,5,0.275,0.10869565217391304,0.0,70,0.0625,0.0,0.0,0.0,0.0,7.56140350877193
2019,DL Chahar,7.51937984496124,485,64.5,387,22,0.3,0.2826086956521739,0.2727272727272727,201,0.125,0.8333333333333334,0.0,0.0,0.0,7.615384615384615
2017,S Badree,7.52,188,25.0,150,9,0.2,0.043478260869565216,0.0,65,0.125,0.3333333333333333,0.0,0.0,0.0,
2016,A Mishra,7.521739130434782,346,46.0,276,13,0.3,0.2608695652173913,0.18181818181818182,103,0.125,0.3333333333333333,0.0,0.25,0.6,8.832618025751072
2022,R Ashwin,7.522388059701493,504,67.0,402,12,0.5,0.391304347826087,0.09090909090909091,138,0.1875,0.16666666666666666,0.0,0.0,0.0,7.510204081632653
2011,IK Pathan,7.5272727272727264,345,45.833333333333336,275,11,0.25,0.45652173913043476,0.09090909090909091,142,0.4375,0.16666666666666666,0.0,0.0,0.0,7.75
2019,M Ashwin,7.529411764705882,256,34.0,204,5,0.15,0.17391304347826086,0.09090909090909091,66,0.0,0.16666666666666666,0.0,0.25,0.0,7.4603174603174605
2008,Shahid Afridi,7.533333333333333,226,30.0,180,9,0.175,0.10869565217391304,0.09090909090909091,70,0.0625,0.3333333333333333,0.0,0.0,0.0,
2021,LH Ferguson,7.533333333333333,226,30.0,180,13,0.15,0.13043478260869565,0.18181818181818182,81,0.1875,0.16666666666666666,0.0,0.0,0.0,8.97902097902098
2012,MN Samuels,7.534883720930233,216,28.666666666666668,172,8,0.2,0.10869565217391304,0.0,71,0.125,0.0,0.0,0.0,0.0,
2021,Mohammed Shami,7.537974683544304,397,52.666666666666664,316,19,0.35,0.15217391304347827,0.18181818181818182,151,0.3125,0.3333333333333333,0.0,0.25,0.0,8.0
2013,Iqbal Abdulla,7.539823008849558,142,18.833333333333332,113,7,0.2,0.0,0.0,41,0.0625,0.3333333333333333,0.0,0.0,0.0,
2023,Mohammed Siraj,7.54,377,50.0,300,19,0.3,0.7391304347826086,0.18181818181818182,190,0.3125,0.5,0.0,0.0,0.0,9.185185185185185
2017,AR Patel,7.541666666666667,362,48.0,288,15,0.425,0.13043478260869565,0.0,92,0.3125,0.0,0.0,0.5,0.2,8.384615384615385
2011,A Singh,7.543859649122807,215,28.5,171,9,0.1,0.08695652173913043,0.0,83,0.1875,0.0,0.0,0.0,0.0,9.441624365482232
2022,PWH de Silva,7.543859649122807,430,57.0,342,26,0.75,0.10869565217391304,0.0,147,0.25,0.6666666666666666,0.0,0.5,0.4,8.89655172413793
2021,JJ Bumrah,7.545454545454546,415,55.0,330,21,0.275,0.5652173913043478,0.45454545454545453,157,0.125,0.5,0.0,0.5,0.0,7.199999999999999
2014,MA Starc,7.546583850931677,405,53.666666666666664,322,14,0.15,0.45652173913043476,0.2727272727272727,161,0.3125,0.16666666666666666,0.0,0.0,0.0,6.790697674418604
2012,Z Khan,7.55,453,60.0,360,17,0.3,0.2391304347826087,0.0,165,0.1875,0.16666666666666666,0.0,0.0,0.0,
2013,JD Unadkat,7.551020408163265,370,49.0,294,13,0.175,0.10869565217391304,0.0,110,0.125,0.0,0.0,0.0,0.0,8.663101604278074
2013,Azhar Mahmood,7.551330798479087,331,43.833333333333336,263,15,0.3,0.08695652173913043,0.09090909090909091,108,0.1875,0.6666666666666666,0.0,0.0,0.0,
2023,RA Jadeja,7.56140350877193,431,57.0,342,20,0.5,0.2391304347826087,0.0,113,0.3125,0.16666666666666666,0.0,0.5,0.6,7.872340425531915
2013,DJG Sammy,7.567164179104478,169,22.333333333333332,134,8,0.125,0.10869565217391304,0.09090909090909091,54,0.25,0.0,0.0,0.0,0.0,
2018,Sandeep Sharma,7.568181818181818,333,44.0,264,12,0.35,0.1956521739130435,0.0,125,0.125,0.3333333333333333,0.0,0.5,0.0,8.25
2008,ST Jayasuriya,7.571428571428571,159,21.0,126,4,0.15,0.021739130434782608,0.0,38,0.0,0.0,0.0,0.0,0.0,8.578947368421053
2016,KH Pandya,7.572192513368984,236,31.166666666666668,187,6,0.15,0.2391304347826087,0.0,62,0.0625,0.0,0.0,0.0,0.2,6.85
2013,R Bhatia,7.574144486692015,332,43.833333333333336,263,11,0.2,0.10869565217391304,0.0,64,0.125,0.16666666666666666,0.0,0.0,0.0,7.447368421052632
2020,KH Pandya,7.574750830564785,380,50.166666666666664,301,6,0.275,0.43478260869565216,0.0,114,0.0625,0.3333333333333333,0.0,0.0,0.0,8.050251256281408
2015,NM Coulter-Nile,7.576470588235294,322,42.5,255,15,0.325,0.1956521739130435,0.09090909090909091,133,0.125,0.0,0.0,0.0,0.0,
2015,CH Morris,7.5813953488372094,326,43.0,258,14,0.275,0.3695652173913043,0.09090909090909091,133,0.125,0.16666666666666666,0.0,0.0,0.0,7.0227272727272725
2019,I Sharma,7.586956521739131,349,46.0,276,13,0.175,0.2608695652173913,0.0,131,0.1875,0.0,0.0,0.0,0.0,
2026,JO Holder,7.591304347826086,291,38.333333333333336,230,17,0.275,0.13043478260869565,0.09090909090909091,100,0.25,0.0,0.0,0.0,0.0,
2014,IC Pandey,7.595238095238095,319,42.0,252,6,0.225,0.06521739130434782,0.09090909090909091,124,0.0625,0.0,0.0,0.0,0.0,7.193548387096774
2010,RJ Harris,7.5978260869565215,233,30.666666666666668,184,14,0.175,0.3695652173913043,0.0,97,0.125,0.16666666666666666,0.0,0.25,0.0,8.127659574468085
2016,AB Dinda,7.60655737704918,232,30.5,183,11,0.075,0.1956521739130435,0.09090909090909091,94,0.125,0.16666666666666666,0.0,0.0,0.0,
2018,S Gopal,7.612903225806452,236,31.0,186,11,0.375,0.043478260869565216,0.0,70,0.0,0.0,0.0,0.75,0.6,7.25
2014,JJ Bumrah,7.613445378151261,302,39.666666666666664,238,5,0.2,0.1956521739130435,0.09090909090909091,106,0.1875,0.0,0.0,0.0,0.0,
2020,DL Chahar,7.615384615384615,396,52.0,312,12,0.15,0.1956521739130435,0.0,127,0.3125,0.0,0.0,0.5,0.0,8.351851851851851
2010,SK Warne,7.62,381,50.0,300,11,0.375,0.13043478260869565,0.0,104,0.125,0.0,0.0,0.0,0.4,6.319148936170213
2022,Mustafizur Rahman,7.625,244,32.0,192,8,0.15,0.15217391304347827,0.0,83,0.125,0.0,0.0,0.0,0.0,
2014,KW Richardson,7.62962962962963,206,27.0,162,9,0.175,0.10869565217391304,0.0,70,0.0625,0.16666666666666666,0.0,0.0,0.0,
2011,SB Jakati,7.6301886792452835,337,44.166666666666664,265,10,0.275,0.10869565217391304,0.09090909090909091,86,0.1875,0.16666666666666666,0.0,0.5,0.2,8.195121951219512
2010,CRD Fernando,7.631578947368421,145,19.0,114,7,0.075,0.2391304347826087,0.6363636363636364,59,0.125,0.0,0.0,0.0,0.0,
2021,JD Unadkat,7.636363636363637,168,22.0,132,4,0.15,0.043478260869565216,0.0,54,0.0,0.0,0.0,0.25,0.0,9.5
2009,CH Gayle,7.646017699115045,144,18.833333333333332,113,1,0.1,0.2608695652173913,0.0,40,0.0,0.0,0.0,0.0,0.0,
2021,J Yadav,7.647058823529412,130,17.0,102,2,0.15,0.08695652173913043,0.0,48,0.0,0.0,0.0,0.25,0.0,
2022,Sandeep Sharma,7.65,153,20.0,120,2,0.15,0.15217391304347827,0.0,66,0.0,0.0,0.0,0.0,0.0,8.695652173913043
2009,SK Trivedi,7.65,153,20.0,120,6,0.075,0.06521739130434782,0.09090909090909091,45,0.125,0.16666666666666666,0.0,0.0,0.0,7.352112676056338
2016,TG Southee,7.651162790697675,329,43.0,258,9,0.175,0.21739130434782608,0.0,113,0.125,0.16666666666666666,0.0,0.25,0.0,
2011,M Morkel,7.651162790697675,329,43.0,258,13,0.225,0.34782608695652173,0.36363636363636365,138,0.1875,0.0,0.0,0.0,0.0,7.2063492063492065
2016,A Nehra,7.653846153846154,199,26.0,156,9,0.175,0.15217391304347827,0.0,78,0.0625,0.0,0.0,0.0,0.0,9.307086614173228
2008,MM Patel,7.654545454545454,421,55.0,330,14,0.3,0.13043478260869565,0.09090909090909091,149,0.125,0.16666666666666666,0.0,0.0,0.0,7.090909090909091
2018,SP Narine,7.655737704918033,467,61.0,366,17,0.5,0.10869565217391304,0.0,142,0.3125,0.3333333333333333,0.0,0.0,0.0,7.827067669172932
2010,SB Jakati,7.657894736842105,291,38.0,228,13,0.325,0.17391304347826086,0.0,94,0.0625,0.0,0.0,0.0,0.4,7.6301886792452835
2024,AR Patel,7.659090909090909,337,44.0,264,11,0.375,0.021739130434782608,0.0,81,0.25,0.16666666666666666,0.0,0.5,0.2,8.694444444444445
2025,CV Varun,7.66,383,50.0,300,17,0.4,0.17391304347826086,0.0,125,0.4375,0.0,0.0,0.0,0.0,8.78048780487805
2022,HV Patel,7.663551401869159,410,53.5,321,19,0.5,0.5434782608695652,0.0,147,0.0,0.0,0.0,0.25,0.0,9.74468085106383
2020,R Ashwin,7.666666666666667,391,51.0,306,13,0.35,0.13043478260869565,0.0,107,0.125,0.16666666666666666,0.0,0.25,0.0,7.432835820895523
2014,PP Chawla,7.670886075949367,303,39.5,237,14,0.3,0.021739130434782608,0.0,81,0.25,0.16666666666666666,0.0,0.25,0.2,7.685714285714286
2024,M Pathirana,7.681818181818182,169,22.0,132,13,0.125,0.32608695652173914,0.0,67,0.3125,0.0,0.0,0.0,0.0,10.159362549800797
2015,PP Chawla,7.685714285714286,269,35.0,210,11,0.275,0.15217391304347827,0.0,70,0.1875,0.16666666666666666,0.0,0.0,0.4,7.754716981132075
2011,DT Christian,7.686131386861314,351,45.666666666666664,274,11,0.25,0.391304347826087,0.09090909090909091,133,0.25,0.16666666666666666,0.0,0.0,0.0,8.62962962962963
2014,M Morkel,7.6875,369,48.0,288,12,0.275,0.5869565217391305,0.18181818181818182,170,0.1875,0.0,0.0,0.0,0.0,7.392857142857143
2011,S Randiv,7.689655172413793,223,29.0,174,6,0.125,0.13043478260869565,0.0,66,0.0,0.0,0.0,0.0,0.4,
2014,DW Steyn,7.696428571428571,431,56.0,336,11,0.4,0.13043478260869565,0.0,160,0.0,0.16666666666666666,0.0,0.0,0.0,8.947368421052632
2017,YS Chahal,7.7011494252873565,335,43.5,261,14,0.45,0.2608695652173913,0.18181818181818182,108,0.125,0.0,0.0,0.0,0.2,7.32
2013,P Awana,7.703703703703703,416,54.0,324,15,0.275,0.21739130434782608,0.36363636363636365,144,0.25,0.0,0.0,0.0,0.0,10.46808510638298
2013,S Sreesanth,7.707692307692307,167,21.666666666666668,130,5,0.15,0.15217391304347827,0.36363636363636365,74,0.0625,0.0,0.0,0.0,0.0,
2008,PP Ojha,7.710407239819004,284,36.833333333333336,221,11,0.275,0.43478260869565216,0.0,95,0.125,0.0,0.0,0.0,0.2,6.5046728971962615
2018,B Kumar,7.7111913357400725,356,46.166666666666664,277,9,0.4,0.1956521739130435,0.18181818181818182,132,0.0625,0.0,0.0,0.0,0.0,7.830508474576271
2014,R Dhawan,7.711267605633802,365,47.333333333333336,284,13,0.275,0.41304347826086957,0.0,100,0.1875,0.5,0.0,0.0,0.0,
2011,Z Khan,7.711864406779661,455,59.0,354,14,0.275,0.5,0.0,170,0.25,0.3333333333333333,0.0,0.0,0.0,7.55
2022,RD Chahar,7.714285714285714,360,46.666666666666664,280,14,0.35,0.34782608695652173,0.0,109,0.0625,0.16666666666666666,0.0,0.25,0.0,7.751677852348994
2009,JH Kallis,7.717391304347826,355,46.0,276,6,0.2,0.41304347826086957,0.18181818181818182,129,0.0625,0.16666666666666666,0.0,0.0,0.0,8.368421052631579
2016,Z Khan,7.7175572519083975,337,43.666666666666664,262,10,0.175,0.2826086956521739,0.0,121,0.0625,0.16666666666666666,0.0,0.0,0.0,7.792531120331951
2015,A Mishra,7.717842323651452,310,40.166666666666664,241,9,0.275,0.1956521739130435,0.0,85,0.125,0.3333333333333333,0.0,0.0,0.6,7.521739130434782
2022,Simarjeet Singh,7.722222222222222,139,18.0,108,4,0.1,0.1956521739130435,0.09090909090909091,61,0.0,0.0,0.0,0.0,0.0,
2024,KH Pandya,7.7272727272727275,255,33.0,198,6,0.225,0.32608695652173914,0.0,65,0.0625,0.0,0.0,0.0,0.2,8.23913043478261
2008,B Akhil,7.730769230769232,134,17.333333333333332,104,2,0.15,0.043478260869565216,0.0,39,0.0,0.0,0.0,0.0,0.2,
2015,RA Jadeja,7.734375,330,42.666666666666664,256,11,0.425,0.043478260869565216,0.0,90,0.1875,0.0,0.0,0.0,0.0,7.767634854771785
2013,M Muralitharan,7.739130434782608,178,23.0,138,3,0.2,0.06521739130434782,0.09090909090909091,55,0.1875,0.0,0.0,0.0,0.0,
2013,L Balaji,7.74,387,50.0,300,12,0.35,0.2608695652173913,0.0,133,0.1875,0.0,0.0,0.5,0.0,8.823529411764707
2011,AC Thomas,7.740259740259741,298,38.5,231,11,0.225,0.1956521739130435,0.09090909090909091,107,0.0625,0.0,0.0,0.0,0.0,
2013,AD Mathews,7.741935483870968,240,31.0,186,5,0.1,0.21739130434782608,0.0,54,0.0,0.0,0.0,0.0,0.0,
2017,CH Morris,7.741935483870968,240,31.0,186,12,0.175,0.06521739130434782,0.0,75,0.3125,0.0,0.0,0.25,0.0,
2009,IK Pathan,7.748344370860927,390,50.333333333333336,302,17,0.275,0.2608695652173913,0.0,140,0.1875,0.16666666666666666,0.0,0.5,0.0,9.194244604316546
2010,UT Yadav,7.75,186,24.0,144,6,0.05,0.21739130434782608,0.18181818181818182,66,0.125,0.0,0.0,0.0,0.0,9.5
2012,IK Pathan,7.75,465,60.0,360,8,0.35,0.13043478260869565,0.0,163,0.0625,0.0,0.0,0.0,0.0,7.441558441558441
2022,YS Chahal,7.75,527,68.0,408,27,0.675,0.45652173913043476,0.0,158,0.3125,0.6666666666666666,0.0,0.0,0.4,8.176656151419557
2023,RD Chahar,7.751677852348994,385,49.666666666666664,298,8,0.3,0.06521739130434782,0.0,99,0.0,0.3333333333333333,0.0,0.0,0.2,9.03225806451613
2016,PP Chawla,7.754716981132075,274,35.333333333333336,212,11,0.3,0.17391304347826086,0.09090909090909091,85,0.1875,0.5,0.0,0.0,0.2,8.95
2009,PJ Sangwan,7.757142857142857,362,46.666666666666664,280,15,0.325,0.3695652173913043,0.18181818181818182,137,0.0625,0.0,0.0,0.0,0.0,8.387096774193548
2012,Azhar Mahmood,7.7578125,331,42.666666666666664,256,14,0.1,0.2826086956521739,0.18181818181818182,105,0.0,0.0,0.0,0.25,0.0,7.551330798479087
2021,JO Holder,7.7591623036649215,247,31.833333333333332,191,16,0.125,0.34782608695652173,0.0,87,0.0,0.16666666666666666,0.0,0.0,0.0,9.421686746987952
2016,RA Jadeja,7.767634854771785,312,40.166666666666664,241,8,0.35,0.13043478260869565,0.09090909090909091,85,0.125,0.16666666666666666,0.0,0.0,0.2,9.18421052631579
2008,SK Warne,7.769230769230769,404,52.0,312,19,0.475,0.1956521739130435,0.0,119,0.0625,0.5,0.0,0.75,0.4,7.3
2022,J Suchith,7.777777777777778,140,18.0,108,7,0.225,0.17391304347826086,0.0,56,0.0625,0.16666666666666666,0.0,0.0,0.2,
2022,Arshdeep Singh,7.78,389,50.0,300,10,0.15,0.45652173913043476,0.36363636363636365,125,0.1875,0.0,0.0,0.0,0.0,9.698360655737705
2023,Ravi Bishnoi,7.782178217821782,393,50.5,303,16,0.4,0.1956521739130435,0.18181818181818182,104,0.0625,0.5,0.0,0.25,0.6,8.770992366412214
2008,A Nehra,7.784386617100371,349,44.833333333333336,269,12,0.2,0.2608695652173913,0.09090909090909091,136,0.1875,0.0,0.0,0.0,0.0,6.882352941176471
2013,S Kaul,7.786259541984733,170,21.833333333333332,131,4,0.1,0.13043478260869565,0.0,48,0.0625,0.0,0.0,0.0,0.0,
2016,P Kumar,7.786407766990291,401,51.5,309,9,0.225,0.391304347826087,0.0,149,0.1875,0.0,0.0,0.0,0.0,
2017,Z Khan,7.792531120331951,313,40.166666666666664,241,10,0.2,0.10869565217391304,0.0,84,0.0625,0.0,0.0,0.0,0.0,
2012,JA Morkel,7.797979797979798,386,49.5,297,13,0.225,0.391304347826087,0.09090909090909091,143,0.125,0.0,0.0,0.0,0.0,6.625
2012,RA Jadeja,7.8,273,35.0,210,12,0.275,0.30434782608695654,0.0,75,0.375,0.16666666666666666,0.0,0.0,0.2,7.505791505791506
2010,Z Khan,7.8,377,48.333333333333336,290,15,0.2,0.10869565217391304,0.09090909090909091,121,0.375,0.3333333333333333,0.0,0.0,0.0,7.711864406779661
2018,K Gowtham,7.8,312,40.0,240,11,0.225,0.08695652173913043,0.0,94,0.25,0.0,0.0,0.25,0.4,8.3
2012,RP Singh,7.804878048780488,320,41.0,246,10,0.2,0.32608695652173914,0.18181818181818182,124,0.25,0.16666666666666666,0.0,0.0,0.0,8.460251046025103
2021,DJ Bravo,7.811881188118813,263,33.666666666666664,202,14,0.275,0.43478260869565216,0.0,92,0.0,0.16666666666666666,0.0,0.0,0.0,8.796116504854368
2019,K Rabada,7.8125,375,48.0,288,26,0.25,0.2608695652173913,0.0,125,0.25,0.0,0.0,0.25,0.0,8.327455919395465
2009,DL Vettori,7.812949640287769,181,23.166666666666668,139,7,0.175,0.043478260869565216,0.0,53,0.0625,0.3333333333333333,0.0,0.0,0.0,
2011,PC Valthaty,7.820689655172413,189,24.166666666666668,145,7,0.15,0.13043478260869565,0.0,47,0.0625,0.16666666666666666,0.0,0.0,0.0,
2015,PV Tambe,7.823529411764706,266,34.0,204,7,0.3,0.0,0.0,70,0.1875,0.16666666666666666,0.0,0.25,0.0,
2019,YS Chahal,7.824324324324324,386,49.333333333333336,296,18,0.55,0.2608695652173913,0.0,129,0.25,0.3333333333333333,0.0,0.0,0.4,7.1195335276967935
2015,Harbhajan Singh,7.824561403508772,446,57.0,342,18,0.375,0.21739130434782608,0.0,126,0.25,0.3333333333333333,0.0,0.25,0.4,8.0
2019,SP Narine,7.827067669172932,347,44.333333333333336,266,10,0.325,0.2391304347826087,0.0,103,0.125,0.3333333333333333,0.0,0.0,0.0,7.947368421052632
2019,B Kumar,7.830508474576271,462,59.0,354,13,0.4,0.30434782608695654,0.09090909090909091,180,0.0625,0.16666666666666666,0.0,0.0,0.0,
2016,Shakib Al Hasan,7.838709677419355,243,31.0,186,5,0.225,0.08695652173913043,0.0,65,0.125,0.0,0.0,0.0,0.0,
2009,DJ Bravo,7.839195979899498,260,33.166666666666664,199,11,0.275,0.2826086956521739,0.09090909090909091,104,0.0,0.0,0.0,0.25,0.0,8.713375796178344
2023,A Mishra,7.842105263157895,149,19.0,114,7,0.15,0.021739130434782608,0.0,33,0.0,0.0,0.0,0.25,0.0,
2025,SP Narine,7.844444444444444,353,45.0,270,12,0.55,0.10869565217391304,0.18181818181818182,93,0.1875,0.16666666666666666,0.0,0.0,0.0,6.601941747572815
2023,Noor Ahmad,7.8445229681978805,370,47.166666666666664,283,16,0.325,0.34782608695652173,0.09090909090909091,118,0.1875,0.16666666666666666,0.0,0.25,0.4,8.32535885167464
2011,DJ Bravo,7.85,157,20.0,120,6,0.15,0.1956521739130435,0.0,51,0.0,0.0,0.0,0.25,0.0,8.011560693641618
2023,Naveen-ul-Haq,7.857142857142857,220,28.0,168,11,0.225,0.13043478260869565,0.18181818181818182,74,0.1875,0.16666666666666666,0.0,0.0,0.0,10.273972602739725
2013,I Sharma,7.860335195530727,469,59.666666666666664,358,15,0.4,0.41304347826086957,0.2727272727272727,180,0.1875,0.16666666666666666,0.0,0.0,0.0,
2022,M Ashwin,7.862068965517241,228,29.0,174,9,0.325,0.10869565217391304,0.0,74,0.125,0.0,0.0,0.0,0.0,
2018,R Tewatia,7.863636363636363,173,22.0,132,6,0.25,0.043478260869565216,0.0,43,0.0,0.16666666666666666,0.0,0.0,0.0,
2020,PJ Cummins,7.865384615384615,409,52.0,312,12,0.375,0.34782608695652173,0.0,149,0.25,0.16666666666666666,0.0,0.0,0.0,8.832298136645964
2024,RA Jadeja,7.872340425531915,370,47.0,282,8,0.35,0.06521739130434782,0.09090909090909091,77,0.0,0.16666666666666666,0.0,0.0,0.0,8.616740088105725
2017,Imran Tahir,7.872340425531915,370,47.0,282,18,0.5,0.10869565217391304,0.09090909090909091,98,0.5,0.3333333333333333,0.0,0.5,0.2,9.096774193548386
2015,B Kumar,7.87741935483871,407,51.666666666666664,310,18,0.35,0.30434782608695654,0.0,147,0.5,0.16666666666666666,0.0,0.25,0.0,7.4393939393939394
2009,AM Salvi,7.882352941176471,134,17.0,102,4,0.15,0.17391304347826086,0.0,47,0.0,0.16666666666666666,0.0,0.0,0.0,
2016,STR Binny,7.882352941176471,134,17.0,102,1,0.025,0.043478260869565216,0.0,30,0.0,0.0,0.0,0.0,0.0,
2016,JJ Bumrah,7.884615384615385,410,52.0,312,15,0.325,0.21739130434782608,0.36363636363636365,124,0.25,0.0,0.0,0.0,0.0,7.50828729281768
2022,TG Southee,7.885714285714286,276,35.0,210,14,0.325,0.21739130434782608,0.09090909090909091,103,0.0,0.0,0.0,0.25,0.0,
2019,MJ McClenaghan,7.888888888888889,142,18.0,108,3,0.15,0.13043478260869565,0.0,51,0.0,0.0,0.0,0.0,0.0,
2015,Iqbal Abdulla,7.894736842105263,150,19.0,114,4,0.2,0.17391304347826086,0.0,53,0.0625,0.0,0.0,0.0,0.2,8.52
2023,M Markande,7.894736842105263,300,38.0,228,12,0.3,0.06521739130434782,0.0,78,0.1875,0.3333333333333333,0.0,0.25,0.0,11.818181818181818
2008,I Sharma,7.897233201581028,333,42.166666666666664,253,7,0.125,0.45652173913043476,0.36363636363636365,133,0.1875,0.0,0.0,0.0,0.0,6.953488372093023
2018,UT Yadav,7.899686520376176,420,53.166666666666664,319,20,0.475,0.2608695652173913,0.18181818181818182,159,0.3125,0.5,0.0,0.0,0.0,9.832599118942731
2012,B Lee,7.921052631578948,301,38.0,228,7,0.3,0.13043478260869565,0.18181818181818182,107,0.125,0.0,0.0,0.0,0.0,
2020,NM Coulter-Nile,7.923076923076923,206,26.0,156,5,0.225,0.2391304347826087,0.0,78,0.0,0.0,0.0,0.0,0.0,6.4
2009,DS Kulkarni,7.923076923076923,206,26.0,156,5,0.15,0.17391304347826086,0.0,71,0.0,0.0,0.0,0.0,0.0,
2025,MJ Santner,7.924050632911392,313,39.5,237,10,0.25,0.2391304347826087,0.0,89,0.125,0.16666666666666666,0.5,0.25,0.6,
2017,Ankit Soni,7.9266055045871555,144,18.166666666666668,109,2,0.175,0.06521739130434782,0.0,41,0.0,0.16666666666666666,0.0,0.0,0.0,
2021,TA Boult,7.928571428571428,407,51.333333333333336,308,13,0.425,0.2826086956521739,0.09090909090909091,146,0.375,0.3333333333333333,0.0,0.25,0.0,7.935483870967742
2008,A Kumble,7.930434782608695,304,38.333333333333336,230,7,0.35,0.21739130434782608,0.0,97,0.0,0.16666666666666666,0.0,0.25,0.4,5.864788732394366
2010,J Theron,7.932885906040269,197,24.833333333333332,149,8,0.125,0.1956521739130435,0.09090909090909091,61,0.25,0.16666666666666666,0.0,0.0,0.0,
2008,DP Vijaykumar,7.93421052631579,201,25.333333333333332,152,4,0.125,0.15217391304347827,0.18181818181818182,74,0.0,0.0,0.0,0.0,0.0,
2022,TA Boult,7.935483870967742,492,62.0,372,16,0.4,0.41304347826086957,0.0,191,0.125,0.5,0.0,0.0,0.0,8.210526315789474
2012,P Awana,7.9361702127659575,373,47.0,282,17,0.375,0.30434782608695654,0.09090909090909091,133,0.125,0.16666666666666666,0.0,0.0,0.0,7.703703703703703
2015,DS Kulkarni,7.942857142857143,278,35.0,210,13,0.1,0.34782608695652173,0.09090909090909091,110,0.0625,0.16666666666666666,0.0,0.5,0.0,7.428571428571429
2011,JP Duminy,7.944444444444445,143,18.0,108,4,0.225,0.06521739130434782,0.0,49,0.0625,0.0,0.0,0.25,0.0,
2020,SP Narine,7.947368421052632,302,38.0,228,5,0.375,0.043478260869565216,0.0,69,0.0625,0.16666666666666666,0.0,0.0,0.0,6.482142857142857
2012,MM Patel,7.95,371,46.666666666666664,280,15,0.475,0.17391304347826086,0.36363636363636365,133,0.3125,0.16666666666666666,0.0,0.0,0.0,
2009,P Kumar,7.953020134228188,395,49.666666666666664,298,13,0.35,0.30434782608695654,0.09090909090909091,139,0.0625,0.16666666666666666,0.0,0.0,0.0,8.444444444444445
2013,DJ Bravo,7.968,498,62.5,375,32,0.45,0.3695652173913043,0.09090909090909091,157,0.3125,0.3333333333333333,0.0,0.5,0.0,
2026,B Kumar,7.968253968253968,502,63.0,378,28,0.4,0.30434782608695654,0.09090909090909091,164,0.3125,0.16666666666666666,0.0,0.0,0.0,
2010,R McLaren,7.970588235294118,271,34.0,204,4,0.075,0.2391304347826087,0.09090909090909091,88,0.1875,0.0,0.0,0.0,0.0,10.0
2016,AD Russell,7.972602739726027,291,36.5,219,15,0.275,0.1956521739130435,0.0,102,0.0625,0.5,0.0,0.25,0.0,
2024,Harpreet Brar,7.973684210526316,303,38.0,228,7,0.325,0.13043478260869565,0.0,76,0.1875,0.16666666666666666,0.0,0.0,0.0,8.681818181818182
2021,B Kumar,7.976190476190476,335,42.0,252,6,0.3,0.15217391304347827,0.0,110,0.0,0.16666666666666666,0.0,0.0,0.0,7.380191693290735
2023,SP Narine,7.979166666666667,383,48.0,288,11,0.375,0.1956521739130435,0.0,95,0.1875,0.0,0.0,0.0,0.0,6.6909090909090905
2016,MC Henriques,7.980769230769231,415,52.0,312,12,0.4,0.13043478260869565,0.0,97,0.0625,0.0,0.0,0.0,0.0,10.375
2015,AD Russell,7.991803278688525,325,40.666666666666664,244,14,0.325,0.2608695652173913,0.09090909090909091,109,0.125,0.0,0.0,0.25,0.0,7.972602739726027
2016,Harbhajan Singh,8.0,392,49.0,294,9,0.4,0.13043478260869565,0.0,96,0.125,0.0,0.0,0.25,0.0,6.487804878048781
2015,RS Bopara,8.0,160,20.0,120,6,0.075,0.15217391304347827,0.0,43,0.125,0.0,0.0,0.25,0.0,
2022,Mohammed Shami,8.0,488,61.0,366,20,0.425,0.6086956521739131,0.0,184,0.375,0.5,0.0,0.0,0.0,8.046153846153846
2008,AB Agarkar,8.0,208,26.0,156,8,0.2,0.2608695652173913,0.09090909090909091,81,0.0,0.0,0.0,0.25,0.0,9.161290322580646
2011,S Aravind,8.0,368,46.0,276,21,0.4,0.2608695652173913,0.0,133,0.0625,0.16666666666666666,0.0,0.5,0.0,
2014,SR Watson,8.0,168,21.0,126,7,0.125,0.17391304347826086,0.2727272727272727,69,0.1875,0.0,0.0,0.0,0.0,9.344827586206897
2018,Shakib Al Hasan,8.0,456,57.0,342,14,0.5,0.10869565217391304,0.0,101,0.0625,0.16666666666666666,0.0,0.25,0.0,
2008,R Vinay Kumar,8.0,184,23.0,138,5,0.175,0.06521739130434782,0.18181818181818182,62,0.0,0.0,0.0,0.0,0.0,8.38144329896907
2023,M Theekshana,8.0,392,49.0,294,11,0.325,0.10869565217391304,0.0,91,0.25,0.16666666666666666,0.0,0.0,0.0,7.2
2012,KA Pollard,8.007604562737642,351,43.833333333333336,263,16,0.275,0.5,0.09090909090909091,110,0.1875,0.16666666666666666,0.0,0.25,0.0,9.419354838709678
2012,DJ Bravo,8.011560693641618,462,57.666666666666664,346,15,0.325,0.43478260869565216,0.0,136,0.125,0.3333333333333333,0.0,0.0,0.0,7.968
2023,Harpreet Brar,8.024539877300613,218,27.166666666666668,163,9,0.175,0.06521739130434782,0.0,61,0.125,0.16666666666666666,0.0,0.0,0.0,7.973684210526316
2023,M Pathirana,8.028776978417266,372,46.333333333333336,278,19,0.225,0.9130434782608695,0.09090909090909091,136,0.1875,0.3333333333333333,0.0,0.0,0.0,7.681818181818182
2018,AJ Tye,8.035714285714286,450,56.0,336,24,0.325,0.3695652173913043,0.18181818181818182,132,0.1875,0.0,0.0,0.0,0.0,10.590909090909092
2020,T Natarajan,8.037135278514588,505,62.833333333333336,377,16,0.475,0.2608695652173913,0.09090909090909091,147,0.3125,0.16666666666666666,0.0,0.25,0.0,
2013,CH Morris,8.04,402,50.0,300,15,0.3,0.21739130434782608,0.09090909090909091,131,0.125,0.16666666666666666,0.0,0.0,0.0,
2009,AB Dinda,8.041666666666666,193,24.0,144,4,0.225,0.13043478260869565,0.0,75,0.0,0.0,0.0,0.0,0.0,6.561151079136691
2023,Mohammed Shami,8.046153846153846,523,65.0,390,28,0.525,0.391304347826087,0.18181818181818182,206,0.3125,0.16666666666666666,0.0,0.25,0.0,
2025,A Kamboj,8.046511627906977,173,21.5,129,8,0.2,0.021739130434782608,0.09090909090909091,57,0.1875,0.16666666666666666,0.0,0.0,0.0,10.609271523178807
2020,GJ Maxwell,8.047619047619047,169,21.0,126,3,0.225,0.0,0.0,37,0.0625,0.0,0.0,0.0,0.0,
2009,BJ Hodge,8.05,161,20.0,120,7,0.2,0.17391304347826086,0.0,40,0.0625,0.0,0.0,0.0,0.0,
2008,CRD Fernando,8.05,161,20.0,120,10,0.15,0.17391304347826086,0.09090909090909091,60,0.0,0.16666666666666666,0.0,0.25,0.0,
2021,KH Pandya,8.050251256281408,267,33.166666666666664,199,5,0.3,0.32608695652173914,0.18181818181818182,78,0.0,0.3333333333333333,0.5,0.0,0.0,6.973684210526316
2010,RG Sharma,8.052631578947368,153,19.0,114,2,0.1,0.13043478260869565,0.0,40,0.0,0.0,0.0,0.0,0.0,
2024,CV Varun,8.06,403,50.0,300,21,0.65,0.17391304347826086,0.18181818181818182,133,0.0625,0.3333333333333333,0.0,0.25,0.0,7.66
2013,NLTC Perera,8.061452513966481,481,59.666666666666664,358,19,0.325,0.2608695652173913,0.2727272727272727,153,0.1875,0.0,0.0,0.0,0.0,
2012,A Mishra,8.063829787234043,379,47.0,282,13,0.475,0.17391304347826086,0.18181818181818182,98,0.25,0.0,0.0,0.0,0.2,6.387096774193548
2019,DJ Bravo,8.064777327935223,332,41.166666666666664,247,11,0.15,0.34782608695652173,0.18181818181818182,88,0.0625,0.0,0.0,0.0,0.0,8.571428571428571
2013,DP Nannes,8.067226890756302,160,19.833333333333332,119,4,0.1,0.2608695652173913,0.18181818181818182,60,0.0,0.16666666666666666,0.0,0.0,0.0,
2022,KK Ahmed,8.068085106382979,316,39.166666666666664,235,16,0.325,0.15217391304347827,0.09090909090909091,117,0.0,0.16666666666666666,0.0,0.0,0.0,9.181818181818182
2010,R Sharma,8.080645161290322,167,20.666666666666668,124,5,0.275,0.043478260869565216,0.0,45,0.0625,0.16666666666666666,0.0,0.25,0.0,5.46
2018,R Ashwin,8.092105263157896,410,50.666666666666664,304,10,0.4,0.2391304347826087,0.0,87,0.0625,0.5,0.0,0.0,0.0,7.2727272727272725
2012,Pankaj Singh,8.095238095238095,170,21.0,126,7,0.1,0.021739130434782608,0.0,59,0.125,0.0,0.0,0.0,0.0,
2017,PJ Cummins,8.101083032490974,374,46.166666666666664,277,15,0.225,0.2608695652173913,0.09090909090909091,110,0.3125,0.0,0.0,0.0,0.0,
2011,JE Taylor,8.102564102564102,158,19.5,117,6,0.225,0.10869565217391304,0.09090909090909091,59,0.0,0.0,0.0,0.0,0.0,
2022,JR Hazlewood,8.10752688172043,377,46.5,279,20,0.425,0.21739130434782608,0.0,133,0.0625,0.16666666666666666,0.0,0.25,0.0,
2026,AJ Hosein,8.108108108108107,200,24.666666666666668,148,8,0.275,0.06521739130434782,0.18181818181818182,60,0.125,0.0,0.0,0.0,0.0,
2012,R Sharma,8.108108108108109,300,37.0,222,9,0.4,0.043478260869565216,0.0,76,0.1875,0.0,0.0,0.0,0.2,6.853658536585366
2016,AR Patel,8.11149825783972,388,47.833333333333336,287,13,0.425,0.15217391304347827,0.0,105,0.375,0.0,0.5,0.0,0.2,7.541666666666667
2011,M Kartik,8.112,169,20.833333333333332,125,1,0.175,0.13043478260869565,0.2727272727272727,43,0.0,0.0,0.0,0.0,0.0,7.416666666666667
2023,PP Chawla,8.114754098360656,495,61.0,366,22,0.475,0.10869565217391304,0.0,126,0.3125,0.3333333333333333,0.0,0.0,0.6,8.914285714285715
2011,RJ Harris,8.127659574468085,382,47.0,282,16,0.225,0.5,0.0,135,0.1875,0.5,0.0,0.25,0.0,7.222222222222222
2011,PP Chawla,8.129032258064516,336,41.333333333333336,248,16,0.375,0.2608695652173913,0.0,99,0.125,0.5,0.0,0.0,0.4,7.350877192982456
2008,DS Kulkarni,8.135593220338983,240,29.5,177,11,0.15,0.43478260869565216,0.36363636363636365,93,0.125,0.0,0.0,0.0,0.0,7.923076923076923
2020,TA Boult,8.137931034482758,472,58.0,348,25,0.275,0.13043478260869565,0.0,163,0.0625,0.5,0.0,0.0,0.0,7.928571428571428
2008,DJ Bravo,8.140350877192983,232,28.5,171,11,0.25,0.21739130434782608,0.0,83,0.1875,0.16666666666666666,0.0,0.25,0.0,7.839195979899498
2018,Kuldeep Yadav,8.142857142857142,418,51.333333333333336,308,17,0.6,0.17391304347826086,0.0,98,0.0625,0.3333333333333333,0.0,0.75,0.2,8.666666666666666
2026,Mohsin Khan,8.142857142857142,228,28.0,168,11,0.3,0.06521739130434782,0.0,72,0.0,0.0,0.0,0.0,0.0,
2013,DS Kulkarni,8.142857142857142,152,18.666666666666668,112,8,0.15,0.1956521739130435,0.09090909090909091,61,0.0,0.0,0.0,0.0,0.0,8.185185185185185
2023,CV Varun,8.145569620253164,429,52.666666666666664,316,20,0.55,0.2608695652173913,0.0,131,0.4375,0.3333333333333333,0.0,0.25,0.0,8.06
2021,KK Ahmed,8.148148148148149,220,27.0,162,5,0.1,0.13043478260869565,0.09090909090909091,61,0.0,0.0,0.0,0.0,0.0,8.068085106382979
2017,NM Coulter-Nile,8.152941176470588,231,28.333333333333332,170,15,0.15,0.17391304347826086,0.2727272727272727,82,0.0625,0.3333333333333333,0.0,0.25,0.0,
2014,RA Jadeja,8.153374233128835,443,54.333333333333336,326,19,0.525,0.15217391304347827,0.0,111,0.1875,0.16666666666666666,0.0,0.25,0.2,7.734375
2020,Shivam Mavi,8.153846153846153,212,26.0,156,9,0.125,0.13043478260869565,0.0,69,0.0,0.0,0.0,0.25,0.0,7.33678756476684
2015,DJ Bravo,8.159235668789808,427,52.333333333333336,314,26,0.425,0.21739130434782608,0.09090909090909091,106,0.125,0.0,0.0,0.25,0.0,8.839285714285714
2009,BAW Mendis,8.16,136,16.666666666666668,100,3,0.175,0.043478260869565216,0.09090909090909091,29,0.0,0.0,0.0,0.25,0.0,
2008,YK Pathan,8.165680473372781,230,28.166666666666668,169,8,0.4,0.021739130434782608,0.0,63,0.0625,0.0,0.0,0.0,0.2,6.942857142857143
2020,RD Chahar,8.169811320754716,433,53.0,318,15,0.475,0.10869565217391304,0.0,109,0.125,0.16666666666666666,0.0,0.25,0.8,7.395348837209302
2023,MM Sharma,8.173584905660379,361,44.166666666666664,265,27,0.4,0.06521739130434782,0.0,90,0.0625,0.0,0.0,0.25,0.0,10.923076923076923
2016,YS Chahal,8.176271186440678,402,49.166666666666664,295,21,0.375,0.3695652173913043,0.09090909090909091,117,0.125,0.3333333333333333,0.0,0.0,0.6,7.7011494252873565
2023,YS Chahal,8.176656151419557,432,52.833333333333336,317,21,0.375,0.1956521739130435,0.0,106,0.125,0.5,0.0,0.0,0.6,9.431034482758621
2026,AR Patel,8.181818181818182,360,44.0,264,11,0.5,0.17391304347826086,0.0,86,0.1875,0.0,0.0,0.0,0.2,
2024,Sandeep Sharma,8.18421052631579,311,38.0,228,13,0.225,0.17391304347826086,0.0,83,0.125,0.16666666666666666,0.0,0.0,0.0,10.08968609865471
2014,DS Kulkarni,8.185185185185185,221,27.0,162,6,0.275,0.2391304347826087,0.0,86,0.0,0.0,0.0,0.0,0.0,7.942857142857143
2017,HH Pandya,8.192307692307692,213,26.0,156,6,0.15,0.13043478260869565,0.0,57,0.1875,0.0,0.0,0.0,0.0,8.953125
2016,MJ McClenaghan,8.19375,437,53.333333333333336,320,17,0.4,0.2608695652173913,0.09090909090909091,149,0.25,0.0,0.5,0.0,0.0,9.481481481481481
2008,P Kumar,8.194029850746269,366,44.666666666666664,268,11,0.4,0.30434782608695654,0.0,125,0.0,0.16666666666666666,0.0,0.25,0.0,7.953020134228188
2012,SB Jakati,8.195121951219512,336,41.0,246,9,0.325,0.13043478260869565,0.0,79,0.0625,0.0,0.0,0.0,0.2,
2021,K Rabada,8.196428571428571,459,56.0,336,15,0.6,0.21739130434782608,0.2727272727272727,143,0.125,0.0,0.0,0.75,0.0,8.520833333333334
2015,AD Mathews,8.2,246,30.0,180,7,0.15,0.10869565217391304,0.0,69,0.0625,0.0,0.0,0.0,0.0,
2017,VR Aaron,8.2,164,20.0,120,7,0.1,0.1956521739130435,0.09090909090909091,63,0.0625,0.16666666666666666,0.0,0.0,0.0,
2014,Karanveer Singh,8.2,164,20.0,120,11,0.225,0.13043478260869565,0.0,48,0.0625,0.0,0.0,0.0,0.2,
2014,Imran Tahir,8.208,171,20.833333333333332,125,9,0.15,0.15217391304347827,0.0,47,0.125,0.0,0.0,0.0,0.2,8.845070422535212
2014,S Nadeem,8.210526315789474,312,38.0,228,8,0.35,0.17391304347826086,0.09090909090909091,75,0.1875,0.16666666666666666,0.0,0.0,0.2,
2023,TA Boult,8.210526315789474,312,38.0,228,13,0.2,0.2608695652173913,0.0,114,0.1875,0.3333333333333333,0.0,0.5,0.0,8.30625
2022,R Dhawan,8.210526315789474,156,19.0,114,6,0.125,0.10869565217391304,0.0,38,0.0625,0.0,0.0,0.0,0.0,
2018,BA Stokes,8.216216216216216,304,37.0,222,8,0.1,0.21739130434782608,0.09090909090909091,87,0.0625,0.0,0.0,0.0,0.0,11.287128712871288
2017,A Zampa,8.218487394957984,163,19.833333333333332,119,7,0.225,0.06521739130434782,0.0,42,0.0625,0.0,0.0,0.0,0.0,
2025,Noor Ahmad,8.22,411,50.0,300,24,0.45,0.4782608695652174,0.2727272727272727,119,0.375,0.16666666666666666,0.0,0.0,0.6,8.411764705882353
2014,UT Yadav,8.222222222222221,370,45.0,270,11,0.2,0.32608695652173914,0.2727272727272727,117,0.125,0.3333333333333333,0.0,0.0,0.0,9.142857142857142
2026,L Ngidi,8.225806451612902,340,41.333333333333336,248,13,0.4,0.15217391304347827,0.0,103,0.125,0.3333333333333333,0.0,0.0,0.0,
2020,S Nadeem,8.227272727272727,181,22.0,132,5,0.1,0.10869565217391304,0.2727272727272727,33,0.0,0.0,0.0,0.0,0.2,
2011,BA Bhatt,8.227544910179642,229,27.833333333333332,167,9,0.225,0.13043478260869565,0.0,61,0.0625,0.16666666666666666,0.0,0.25,0.0,
2014,VR Aaron,8.236363636363636,302,36.666666666666664,220,16,0.3,0.45652173913043476,0.2727272727272727,114,0.0625,0.0,0.0,0.0,0.0,10.211538461538462
2020,SM Curran,8.238095238095237,346,42.0,252,13,0.2,0.2826086956521739,0.18181818181818182,102,0.0,0.16666666666666666,0.0,0.25,0.0,10.0
2023,Rashid Khan,8.238805970149254,552,67.0,402,27,0.65,0.10869565217391304,0.0,139,0.5,1.0,0.0,0.25,0.0,8.404580152671755
2025,KH Pandya,8.23913043478261,379,46.0,276,17,0.475,0.1956521739130435,0.0,91,0.125,0.0,0.0,0.0,0.2,8.415841584158416
2019,KK Ahmed,8.239234449760765,287,34.833333333333336,209,19,0.275,0.2826086956521739,0.0,100,0.0625,0.0,0.0,0.0,0.0,9.428571428571429
2019,Sandeep Sharma,8.25,352,42.666666666666664,256,12,0.3,0.1956521739130435,0.0,91,0.0625,0.3333333333333333,0.0,0.0,0.0,7.1923076923076925
2014,Yuvraj Singh,8.25,187,22.666666666666668,136,5,0.225,0.08695652173913043,0.0,38,0.125,0.0,0.0,0.25,0.2,
2017,SN Thakur,8.253275109170307,315,38.166666666666664,229,11,0.125,0.30434782608695654,0.0,99,0.0625,0.0,0.0,0.0,0.0,9.235714285714286
2015,MJ McClenaghan,8.25531914893617,388,47.0,282,18,0.375,0.5,0.18181818181818182,147,0.0,0.0,0.0,0.0,0.0,8.19375
2023,Suyash Sharma,8.256410256410257,322,39.0,234,10,0.4,0.10869565217391304,0.09090909090909091,87,0.1875,0.16666666666666666,0.0,0.0,0.0,
2014,PP Ojha,8.26086956521739,380,46.0,276,4,0.55,0.30434782608695654,0.0,108,0.0,0.0,0.0,0.0,0.2,
2023,Washington Sundar,8.264150943396226,146,17.666666666666668,106,3,0.15,0.0,0.0,35,0.0,0.0,0.0,0.0,0.0,
2021,S Kaul,8.266666666666667,248,30.0,180,7,0.225,0.021739130434782608,0.09090909090909091,70,0.0,0.0,0.0,0.0,0.0,
2021,C Sakariya,8.26923076923077,430,52.0,312,14,0.3,0.5,0.36363636363636365,132,0.0625,0.0,0.0,0.0,0.0,
2025,M Prasidh Krishna,8.271186440677965,488,59.0,354,25,0.575,0.2391304347826087,0.0,156,0.125,0.16666666666666666,0.0,0.25,0.0,10.435897435897436
2021,HV Patel,8.272189349112425,466,56.333333333333336,338,32,0.4,0.5,0.6363636363636364,141,0.3125,0.5,0.0,0.0,0.0,7.663551401869159
2012,YK Pathan,8.272727272727273,182,22.0,132,3,0.225,0.1956521739130435,0.0,53,0.0625,0.0,0.0,0.0,0.2,
2021,Arshdeep Singh,8.274193548387096,342,41.333333333333336,248,18,0.275,0.32608695652173914,0.0,103,0.1875,0.0,0.0,0.75,0.0,7.78
2023,I Sharma,8.28,207,25.0,150,10,0.075,0.1956521739130435,0.09090909090909091,75,0.125,0.0,0.0,0.0,0.0,9.851851851851851
2025,DS Rathi,8.288461538461538,431,52.0,312,14,0.35,0.2826086956521739,0.18181818181818182,106,0.125,0.0,0.0,0.0,0.0,10.179487179487179
2017,Kuldeep Yadav,8.292682926829269,340,41.0,246,12,0.45,0.10869565217391304,0.0,80,0.0,0.3333333333333333,0.0,0.0,0.8,8.142857142857142
2012,HV Patel,8.292682926829269,340,41.0,246,9,0.275,0.06521739130434782,0.0,90,0.0625,0.0,0.0,0.25,0.0,
2020,Navdeep Saini,8.292857142857143,387,46.666666666666664,280,7,0.425,0.41304347826086957,0.18181818181818182,133,0.1875,0.0,0.0,0.0,0.0,
2011,V Kohli,8.294117647058824,141,17.0,102,2,0.05,0.08695652173913043,0.18181818181818182,27,0.0,0.0,0.0,0.0,0.0,
2019,K Gowtham,8.3,166,20.0,120,1,0.15,0.043478260869565216,0.0,40,0.0,0.0,0.0,0.0,0.0,
2018,S Kaul,8.303030303030303,548,66.0,396,21,0.35,0.13043478260869565,0.09090909090909091,137,0.25,0.3333333333333333,0.0,0.0,0.0,9.037037037037036
2008,PP Chawla,8.306049822064056,389,46.833333333333336,281,17,0.525,0.30434782608695654,0.0,119,0.375,0.16666666666666666,0.0,0.25,0.0,6.869888475836431
2024,TA Boult,8.30625,443,53.333333333333336,320,16,0.35,0.391304347826087,0.0,150,0.1875,0.16666666666666666,0.0,0.0,0.0,8.965317919075146
2017,Sandeep Sharma,8.3125,399,48.0,288,17,0.35,0.2608695652173913,0.09090909090909091,131,0.1875,0.16666666666666666,0.0,0.25,0.0,7.568181818181818
2013,KK Cooper,8.314814814814815,449,54.0,324,19,0.275,0.5434782608695652,0.0,121,0.3125,0.3333333333333333,0.0,0.25,0.0,7.5
2008,R Bhatia,8.318181818181818,183,22.0,132,6,0.275,0.06521739130434782,0.0,52,0.125,0.16666666666666666,0.0,0.0,0.0,6.7384615384615385
2020,JO Holder,8.321428571428571,233,28.0,168,14,0.125,0.17391304347826086,0.0,66,0.125,0.0,0.0,0.0,0.0,7.7591623036649215
2018,MJ McClenaghan,8.325,333,40.0,240,14,0.375,0.32608695652173914,0.09090909090909091,112,0.125,0.0,0.0,0.0,0.0,7.888888888888889
2024,Noor Ahmad,8.32535885167464,290,34.833333333333336,209,8,0.35,0.13043478260869565,0.0,80,0.125,0.16666666666666666,0.0,0.0,0.0,8.22
2020,K Rabada,8.327455919395465,551,66.16666666666667,397,32,0.525,0.3695652173913043,0.18181818181818182,175,0.3125,0.0,0.0,0.0,0.0,8.196428571428571
2022,M Prasidh Krishna,8.330827067669173,554,66.5,399,19,0.45,1.0,0.2727272727272727,232,0.1875,0.0,0.0,0.0,0.0,
2011,JD Unadkat,8.333333333333334,150,18.0,108,6,0.15,0.06521739130434782,0.0,44,0.0625,0.0,0.0,0.0,0.0,
2008,SK Trivedi,8.333333333333334,400,48.0,288,13,0.425,0.2826086956521739,0.09090909090909091,120,0.3125,0.0,0.0,0.25,0.0,7.65
2023,B Kumar,8.333333333333334,425,51.0,306,16,0.275,0.3695652173913043,0.0,141,0.125,0.3333333333333333,0.0,0.25,0.0,9.368421052631579
2015,KV Sharma,8.334728033472803,332,39.833333333333336,239,10,0.55,0.0,0.0,71,0.0625,0.0,0.0,0.0,0.2,
2015,D Wiese,8.338582677165354,353,42.333333333333336,254,16,0.2,0.1956521739130435,0.0,85,0.0625,0.16666666666666666,0.0,0.25,0.0,
2016,P Sahu,8.342857142857143,146,17.5,105,3,0.125,0.043478260869565216,0.0,29,0.0,0.16666666666666666,0.0,0.0,0.2,
2016,BB Sran,8.343434343434344,413,49.5,297,14,0.35,0.32608695652173914,0.0,126,0.125,0.0,0.0,0.0,0.0,
2021,DL Chahar,8.351851851851851,451,54.0,324,14,0.325,0.32608695652173914,0.0,147,0.125,0.3333333333333333,0.0,0.0,0.0,
2018,M Markande,8.363636363636363,368,44.0,264,15,0.425,0.08695652173913043,0.0,91,0.1875,0.6666666666666666,0.0,0.0,0.4,
2010,SR Watson,8.363636363636363,184,22.0,132,6,0.1,0.15217391304347827,0.0,69,0.0,0.0,0.0,0.0,0.0,6.722222222222222
2010,JH Kallis,8.368421052631579,477,57.0,342,13,0.4,0.2608695652173913,0.09090909090909091,131,0.25,0.0,0.0,0.25,0.0,7.083333333333333
2021,JR Hazlewood,8.371428571428572,293,35.0,210,11,0.325,0.10869565217391304,0.0,92,0.0,0.16666666666666666,0.0,0.0,0.0,8.10752688172043
2019,Navdeep Saini,8.375,402,48.0,288,11,0.35,0.2391304347826087,0.45454545454545453,147,0.0,0.0,0.0,0.0,0.0,8.292857142857143
2009,R Vinay Kumar,8.38144329896907,271,32.333333333333336,194,9,0.175,0.10869565217391304,0.0,72,0.0,0.16666666666666666,0.0,0.0,0.0,8.620938628158845
2018,AR Patel,8.384615384615385,218,26.0,156,3,0.2,0.043478260869565216,0.0,43,0.0,0.0,0.0,0.0,0.0,7.137254901960785
2010,PJ Sangwan,8.387096774193548,260,31.0,186,9,0.2,0.2826086956521739,0.18181818181818182,84,0.1875,0.0,0.0,0.0,0.0,
2022,Lalit Yadav,8.38888888888889,151,18.0,108,4,0.2,0.043478260869565216,0.09090909090909091,39,0.0,0.0,0.0,0.0,0.0,
2016,S Kaushik,8.391304347826088,193,23.0,138,6,0.225,0.08695652173913043,0.09090909090909091,55,0.0,0.0,0.0,0.0,0.0,
2016,MM Sharma,8.391752577319588,407,48.5,291,13,0.225,0.2826086956521739,0.0,113,0.1875,0.0,0.0,0.25,0.0,9.021897810218979
2020,A Nortje,8.39344262295082,512,61.0,366,22,0.55,0.21739130434782608,0.0,170,0.5,0.16666666666666666,0.0,0.0,0.0,6.164835164835165
2026,RA Jadeja,8.393939393939394,277,33.0,198,10,0.325,0.08695652173913043,0.0,57,0.0,0.5,0.0,0.0,0.0,
2014,MM Sharma,8.396284829721361,452,53.833333333333336,323,23,0.35,0.021739130434782608,0.0,124,0.5,0.16666666666666666,0.0,0.0,0.0,8.473684210526315
2015,P Negi,8.4,252,30.0,180,6,0.3,0.06521739130434782,0.0,60,0.0,0.0,0.0,0.0,0.2,
2013,JO Holder,8.4,168,20.0,120,2,0.15,0.10869565217391304,0.0,54,0.0625,0.0,0.0,0.0,0.0,
2010,AD Mathews,8.4,315,37.5,225,8,0.225,0.10869565217391304,0.09090909090909091,66,0.1875,0.0,0.0,0.0,0.0,
2015,AR Patel,8.4,392,46.666666666666664,280,13,0.525,0.21739130434782608,0.0,99,0.0625,0.0,0.0,0.25,0.4,8.11149825783972
2024,Rashid Khan,8.404580152671755,367,43.666666666666664,262,10,0.5,0.0,0.0,84,0.125,0.16666666666666666,0.0,0.0,0.2,9.345454545454546
2018,PP Chawla,8.408163265306122,412,49.0,294,14,0.375,0.043478260869565216,0.0,112,0.1875,0.0,0.0,0.25,0.4,8.96629213483146
2009,Harmeet Singh,8.408759124087592,192,22.833333333333332,137,3,0.15,0.10869565217391304,0.0,54,0.0625,0.0,0.0,0.0,0.0,7.25
2014,Mohammed Shami,8.409090909090908,370,44.0,264,7,0.325,0.45652173913043476,0.09090909090909091,128,0.0625,0.0,0.0,0.0,0.0,
2014,MG Johnson,8.411214953271028,450,53.5,321,17,0.4,0.41304347826086957,0.5454545454545454,156,0.1875,0.0,0.0,0.0,0.0,9.46788990825688
2026,Noor Ahmad,8.411764705882353,429,51.0,306,13,0.55,0.2391304347826087,0.09090909090909091,101,0.0625,0.0,0.0,0.0,0.4,
2011,L Balaji,8.413533834586465,373,44.333333333333336,266,10,0.25,0.391304347826087,0.18181818181818182,111,0.375,0.0,0.0,0.0,0.0,5.4
2026,KH Pandya,8.415841584158416,425,50.5,303,14,0.6,0.21739130434782608,0.0,98,0.0625,0.16666666666666666,0.0,0.0,0.4,
2012,A Nehra,8.416666666666666,404,48.0,288,11,0.35,0.06521739130434782,0.18181818181818182,107,0.1875,0.0,0.0,0.0,0.0,8.777777777777779
2008,JA Morkel,8.416666666666666,404,48.0,288,17,0.275,0.5652173913043478,0.45454545454545453,129,0.3125,0.16666666666666666,0.0,0.0,0.0,8.425
2018,JC Archer,8.420600858369099,327,38.833333333333336,233,15,0.3,0.34782608695652173,0.18181818181818182,113,0.25,0.16666666666666666,0.0,0.0,0.0,6.790697674418604
2016,M Morkel,8.422535211267606,299,35.5,213,10,0.3,0.15217391304347827,0.18181818181818182,98,0.125,0.0,0.0,0.0,0.0,
2009,JA Morkel,8.425,337,40.0,240,13,0.2,0.2826086956521739,0.8181818181818182,107,0.25,0.6666666666666666,0.5,0.0,0.0,8.496503496503497
2015,TA Boult,8.428571428571429,236,28.0,168,9,0.15,0.30434782608695654,0.0,87,0.1875,0.0,0.0,0.0,0.0,
2022,RP Meredith,8.428571428571429,236,28.0,168,8,0.25,0.45652173913043476,0.0,89,0.0,0.0,0.0,0.0,0.0,10.576271186440678
2016,MP Stoinis,8.434782608695652,194,23.0,138,8,0.1,0.06521739130434782,0.0,46,0.0625,0.0,0.0,0.0,0.0,
2013,R Vinay Kumar,8.435967302452317,516,61.166666666666664,367,23,0.375,0.21739130434782608,0.2727272727272727,137,0.3125,0.16666666666666666,0.0,0.5,0.0,8.78125
2022,Kuldeep Yadav,8.436241610738255,419,49.666666666666664,298,21,0.55,0.17391304347826086,0.0,105,0.3125,0.3333333333333333,0.0,0.25,0.6,7.36734693877551
2018,Mustafizur Rahman,8.436363636363636,232,27.5,165,7,0.25,0.043478260869565216,0.18181818181818182,60,0.0,0.0,0.0,0.25,0.0,
2017,S Kaul,8.439252336448599,301,35.666666666666664,214,16,0.325,0.15217391304347827,0.09090909090909091,75,0.25,0.0,0.0,0.0,0.0,8.303030303030303
2008,Umar Gul,8.444444444444445,190,22.5,135,12,0.125,0.391304347826087,0.5454545454545454,73,0.25,0.5,0.0,0.0,0.0,
2010,P Kumar,8.444444444444445,380,45.0,270,10,0.325,0.4782608695652174,0.0,136,0.125,0.16666666666666666,0.0,0.0,0.0,7.5
2013,M Morkel,8.45,338,40.0,240,7,0.25,0.15217391304347827,0.2727272727272727,101,0.0625,0.16666666666666666,0.0,0.0,0.0,7.6875
2021,Mustafizur Rahman,8.45016077170418,438,51.833333333333336,311,14,0.375,0.43478260869565216,0.18181818181818182,128,0.3125,0.0,0.0,0.25,0.0,7.625
2017,UT Yadav,8.45360824742268,410,48.5,291,17,0.425,0.34782608695652173,0.0,142,0.0625,0.3333333333333333,0.0,0.0,0.0,7.899686520376176
2014,JH Kallis,8.454545454545455,186,22.0,132,4,0.125,0.043478260869565216,0.0,45,0.0625,0.3333333333333333,0.0,0.0,0.0,
2016,M Ashwin,8.456140350877194,241,28.5,171,7,0.3,0.15217391304347827,0.0,63,0.0625,0.16666666666666666,0.0,0.0,0.2,
2013,RP Singh,8.460251046025103,337,39.833333333333336,239,13,0.225,0.2608695652173913,0.18181818181818182,99,0.25,0.16666666666666666,0.0,0.0,0.0,
2016,CR Brathwaite,8.460431654676258,196,23.166666666666668,139,7,0.125,0.17391304347826086,0.6363636363636364,46,0.125,0.0,0.0,0.0,0.0,
2009,L Balaji,8.464285714285714,316,37.333333333333336,224,13,0.3,0.10869565217391304,0.0,79,0.0,0.0,0.0,0.0,0.0,8.914285714285715
2015,MM Sharma,8.473684210526315,483,57.0,342,14,0.375,0.17391304347826086,0.18181818181818182,128,0.0625,0.0,0.0,0.0,0.0,8.391752577319588
2009,S Sreesanth,8.478260869565217,195,23.0,138,6,0.225,0.15217391304347827,0.2727272727272727,68,0.0625,0.0,0.0,0.0,0.0,10.631578947368421
2023,MR Marsh,8.479338842975206,171,20.166666666666668,121,12,0.2,0.2391304347826087,0.09090909090909091,47,0.0,0.16666666666666666,0.0,0.0,0.0,
2018,Harbhajan Singh,8.481675392670157,270,31.833333333333332,191,7,0.325,0.043478260869565216,0.0,70,0.125,0.0,0.0,0.0,0.4,7.090909090909091
2015,R Vinay Kumar,8.482758620689655,369,43.5,261,7,0.3,0.10869565217391304,0.09090909090909091,99,0.0,0.0,0.0,0.0,0.0,
2024,R Ashwin,8.49090909090909,467,55.0,330,9,0.475,0.6086956521739131,0.0,105,0.0,0.0,0.0,0.25,0.0,9.129032258064516
2010,JA Morkel,8.496503496503497,405,47.666666666666664,286,11,0.225,0.2826086956521739,0.0,111,0.0625,0.0,0.0,0.0,0.0,8.533333333333333
2025,R Parag,8.5,170,20.0,120,3,0.175,0.1956521739130435,0.0,38,0.0,0.0,0.0,0.0,0.0,
2011,JR Hopes,8.5,272,32.0,192,7,0.275,0.13043478260869565,0.0,64,0.0625,0.0,0.0,0.0,0.0,
2022,Ravi Bishnoi,8.5,459,54.0,324,13,0.425,0.34782608695652173,0.2727272727272727,128,0.25,0.16666666666666666,0.0,0.0,0.2,7.782178217821782
2008,Z Khan,8.5,357,42.0,252,13,0.175,0.21739130434782608,0.0,115,0.1875,0.16666666666666666,0.0,0.0,0.0,6.809523809523809
2011,AN Ahmed,8.5,170,20.0,120,5,0.15,0.2826086956521739,0.09090909090909091,53,0.125,0.16666666666666666,0.0,0.0,0.0,
2026,JJ Bumrah,8.510204081632653,417,49.0,294,4,0.3,0.5434782608695652,0.6363636363636364,131,0.0625,0.0,0.0,0.0,0.0,
2016,Iqbal Abdulla,8.52,213,25.0,150,6,0.15,0.10869565217391304,0.0,43,0.0,0.0,0.0,0.25,0.0,
2022,K Rabada,8.520833333333334,409,48.0,288,23,0.375,0.43478260869565216,0.2727272727272727,145,0.0625,0.0,0.0,0.0,0.0,10.173913043478262
2020,Mohammed Shami,8.527272727272727,469,55.0,330,20,0.375,0.43478260869565216,0.09090909090909091,154,0.125,0.16666666666666666,0.0,0.0,0.0,7.537974683544304
2024,N Burger,8.529411764705882,145,17.0,102,7,0.175,0.15217391304347827,0.0,53,0.125,0.0,0.0,0.0,0.0,
2008,WPUJC Vaas,8.529411764705882,145,17.0,102,5,0.1,0.021739130434782608,0.0,43,0.0,0.16666666666666666,0.0,0.0,0.0,
2011,JA Morkel,8.533333333333333,384,45.0,270,15,0.275,0.2391304347826087,0.18181818181818182,117,0.125,0.0,0.0,0.25,0.0,7.797979797979798
2020,S Gopal,8.54,427,50.0,300,10,0.475,0.10869565217391304,0.0,91,0.0625,0.16666666666666666,0.0,0.0,0.0,
2011,KA Pollard,8.541176470588235,363,42.5,255,10,0.275,0.43478260869565216,0.18181818181818182,93,0.0,0.16666666666666666,0.0,0.25,0.0,8.007604562737642
2023,A Zampa,8.545454545454545,188,22.0,132,8,0.2,0.043478260869565216,0.0,41,0.0,0.3333333333333333,0.0,0.0,0.0,
2011,AB Agarkar,8.555555555555555,231,27.0,162,8,0.225,0.043478260869565216,0.0,53,0.0,0.0,0.0,0.0,0.0,
2016,DR Smith,8.555555555555555,154,18.0,108,8,0.175,0.10869565217391304,0.09090909090909091,45,0.0625,0.0,0.0,0.0,0.0,
2022,M Jansen,8.5625,274,32.0,192,7,0.35,0.2826086956521739,0.0,92,0.125,0.0,0.0,0.0,0.0,10.037037037037036
2022,CV Varun,8.564102564102564,334,39.0,234,6,0.5,0.21739130434782608,0.2727272727272727,97,0.0625,0.0,0.0,0.0,0.6,8.145569620253164
2017,SL Malinga,8.565055762081784,384,44.833333333333336,269,11,0.4,0.4782608695652174,0.18181818181818182,112,0.25,0.0,0.0,0.0,0.0,
2020,SN Thakur,8.56701030927835,277,32.333333333333336,194,10,0.2,0.1956521739130435,0.18181818181818182,76,0.0,0.0,0.5,0.0,0.0,8.841225626740947
2020,DJ Bravo,8.571428571428571,180,21.0,126,6,0.075,0.1956521739130435,0.0,44,0.0,0.0,0.0,0.25,0.0,7.811881188118813
2022,Washington Sundar,8.571428571428571,240,28.0,168,6,0.325,0.06521739130434782,0.09090909090909091,48,0.0,0.16666666666666666,0.0,0.0,0.0,8.264150943396226
2009,ST Jayasuriya,8.578947368421053,163,19.0,114,7,0.2,0.1956521739130435,0.0,35,0.125,0.0,0.0,0.0,0.0,
2019,TA Boult,8.578947368421053,163,19.0,114,5,0.225,0.15217391304347827,0.0,50,0.0,0.0,0.0,0.0,0.0,8.137931034482758
2017,TS Mills,8.57943925233645,153,17.833333333333332,107,5,0.15,0.1956521739130435,0.0,49,0.125,0.16666666666666666,0.0,0.0,0.0,
2011,SK Trivedi,8.57943925233645,306,35.666666666666664,214,10,0.2,0.2391304347826087,0.2727272727272727,78,0.0625,0.0,0.0,0.0,0.0,7.365384615384615
2024,DL Chahar,8.595744680851064,202,23.5,141,5,0.225,0.10869565217391304,0.0,65,0.0625,0.16666666666666666,0.0,0.0,0.0,9.21951219512195
2018,AS Rajpoot,8.598726114649681,225,26.166666666666668,157,11,0.225,0.1956521739130435,0.18181818181818182,89,0.1875,0.0,0.0,0.0,0.0,
2016,SR Watson,8.601769911504425,486,56.5,339,20,0.45,0.4782608695652174,0.09090909090909091,145,0.1875,0.0,0.0,0.0,0.0,9.130434782608695
2017,A Choudhary,8.613861386138614,145,16.833333333333332,101,5,0.15,0.15217391304347827,0.09090909090909091,49,0.0,0.0,0.0,0.0,0.0,
2024,C Green,8.61611374407583,303,35.166666666666664,211,10,0.275,0.2608695652173913,0.0,84,0.0,0.0,0.0,0.0,0.0,
2025,RA Jadeja,8.616740088105725,326,37.833333333333336,227,10,0.425,0.10869565217391304,0.18181818181818182,80,0.0625,0.0,0.0,0.0,0.2,8.393939393939394
2010,R Vinay Kumar,8.620938628158845,398,46.166666666666664,277,16,0.4,0.15217391304347827,0.18181818181818182,111,0.125,0.16666666666666666,0.0,0.0,0.0,7.5
2010,MF Maharoof,8.625,207,24.0,144,8,0.125,0.1956521739130435,0.09090909090909091,62,0.0625,0.16666666666666666,0.0,0.0,0.0,
2012,DT Christian,8.62962962962963,233,27.0,162,8,0.2,0.15217391304347827,0.0,62,0.125,0.0,0.0,0.25,0.0,
2008,RP Singh,8.62987012987013,443,51.333333333333336,308,15,0.3,0.3695652173913043,0.09090909090909091,148,0.375,0.0,0.0,0.0,0.0,7.106145251396648
2010,SW Tait,8.631016042780749,269,31.166666666666668,187,10,0.125,0.6086956521739131,0.45454545454545453,98,0.125,0.0,0.0,0.0,0.0,
2012,R Vinay Kumar,8.632835820895522,482,55.833333333333336,335,19,0.5,0.2391304347826087,0.18181818181818182,138,0.1875,0.16666666666666666,0.0,0.25,0.0,8.435967302452317
2012,AA Chavan,8.634146341463415,236,27.333333333333332,164,7,0.275,0.13043478260869565,0.0,69,0.0625,0.3333333333333333,0.0,0.0,0.0,
2015,J Suchith,8.64102564102564,337,39.0,234,10,0.325,0.15217391304347827,0.0,76,0.125,0.0,0.0,0.25,0.2,
2012,Harmeet Singh,8.64179104477612,193,22.333333333333332,134,7,0.125,0.15217391304347827,0.18181818181818182,49,0.1875,0.16666666666666666,0.0,0.25,0.0,
2009,YA Abdulla,8.642857142857142,242,28.0,168,14,0.25,0.2608695652173913,0.09090909090909091,89,0.25,0.16666666666666666,0.0,0.0,0.0,
2023,J Little,8.647058823529411,294,34.0,204,7,0.35,0.15217391304347827,0.0,82,0.125,0.16666666666666666,0.0,0.0,0.0,
2014,IK Pathan,8.661971830985916,205,23.666666666666668,142,4,0.275,0.043478260869565216,0.0,47,0.0625,0.0,0.0,0.0,0.0,
2014,JD Unadkat,8.663101604278074,270,31.166666666666668,187,9,0.3,0.043478260869565216,0.0,66,0.125,0.0,0.0,0.0,0.0,
2019,Kuldeep Yadav,8.666666666666666,286,33.0,198,4,0.325,0.08695652173913043,0.0,58,0.0,0.0,0.0,0.25,0.0,
2008,L Balaji,8.666666666666666,286,33.0,198,11,0.225,0.17391304347826086,0.0,74,0.0625,0.16666666666666666,0.0,0.0,0.0,8.464285714285714
2012,MS Gony,8.666666666666666,208,24.0,144,3,0.3,0.15217391304347827,0.09090909090909091,69,0.0,0.0,0.0,0.0,0.0,9.178571428571429
2026,KK Ahmed,8.673267326732674,146,16.833333333333332,101,2,0.2,0.10869565217391304,0.0,48,0.0,0.0,0.0,0.0,0.0,
2024,Kuldeep Yadav,8.674418604651162,373,43.0,258,16,0.65,0.1956521739130435,0.09090909090909091,92,0.0625,0.3333333333333333,0.0,0.0,0.4,7.377358490566038
2021,Sandeep Sharma,8.680851063829786,204,23.5,141,3,0.175,0.08695652173913043,0.09090909090909091,55,0.125,0.0,0.0,0.25,0.0,7.65
2025,Harpreet Brar,8.681818181818182,191,22.0,132,10,0.225,0.043478260869565216,0.09090909090909091,41,0.125,0.16666666666666666,0.0,0.0,0.0,
2019,JP Behrendorff,8.68421052631579,165,19.0,114,5,0.2,0.06521739130434782,0.0,57,0.0,0.0,0.0,0.0,0.0,
2020,KV Sharma,8.68421052631579,165,19.0,114,5,0.225,0.08695652173913043,0.0,31,0.0625,0.0,0.0,0.0,0.0,
2025,AR Patel,8.694444444444445,313,36.0,216,5,0.4,0.06521739130434782,0.0,70,0.125,0.16666666666666666,0.0,0.0,0.0,8.181818181818182
2023,Sandeep Sharma,8.695652173913043,400,46.0,276,10,0.325,0.30434782608695654,0.36363636363636365,109,0.1875,0.0,0.0,0.0,0.0,8.18421052631579
2019,MP Stoinis,8.7,145,16.666666666666668,100,2,0.2,0.06521739130434782,0.0,35,0.0,0.0,0.0,0.0,0.0,9.539325842696629
2019,Mohammed Shami,8.703703703703704,470,54.0,324,19,0.475,0.17391304347826086,0.09090909090909091,126,0.375,0.16666666666666666,0.0,0.0,0.0,8.527272727272727
2023,Harshit Rana,8.705882352941176,148,17.0,102,5,0.175,0.13043478260869565,0.09090909090909091,55,0.0,0.16666666666666666,0.0,0.0,0.0,9.08300395256917
2012,KP Appanna,8.705882352941176,148,17.0,102,6,0.175,0.13043478260869565,0.0,41,0.0,0.16666666666666666,0.0,0.0,0.4,
2012,V Pratap Singh,8.705882352941176,296,34.0,204,10,0.25,0.15217391304347827,0.0,82,0.125,0.0,0.0,0.0,0.0,
2010,DJ Bravo,8.713375796178344,228,26.166666666666668,157,4,0.225,0.10869565217391304,0.0,56,0.0625,0.0,0.0,0.0,0.0,7.85
2008,S Sreesanth,8.716612377850163,446,51.166666666666664,307,19,0.275,0.7391304347826086,0.36363636363636365,160,0.25,0.3333333333333333,1.0,0.0,0.0,8.478260869565217
2012,DE Bollinger,8.722222222222221,157,18.0,108,8,0.1,0.10869565217391304,0.0,54,0.0625,0.0,0.0,0.0,0.0,
2020,Mohammed Siraj,8.723926380368098,237,27.166666666666668,163,11,0.275,0.1956521739130435,0.09090909090909091,85,0.1875,0.0,0.0,0.0,0.0,6.788461538461538
2023,K Kartikeya,8.73076923076923,227,26.0,156,5,0.325,0.17391304347826086,0.0,51,0.25,0.0,0.0,0.0,0.0,
2023,DL Chahar,8.735294117647058,297,34.0,204,13,0.275,0.2391304347826087,0.0,93,0.0625,0.0,0.0,0.0,0.0,8.595744680851064
2011,TG Southee,8.736842105263158,166,19.0,114,4,0.1,0.10869565217391304,0.0,49,0.0625,0.16666666666666666,0.0,0.0,0.0,
2013,MC Henriques,8.74015748031496,185,21.166666666666668,127,7,0.15,0.10869565217391304,0.0,57,0.1875,0.0,0.0,0.0,0.0,
2012,VR Aaron,8.741935483870968,271,31.0,186,8,0.2,0.15217391304347827,0.0,84,0.0625,0.0,0.0,0.0,0.0,
2022,Avesh Khan,8.748251748251748,417,47.666666666666664,286,18,0.325,0.391304347826087,0.09090909090909091,139,0.25,0.0,0.0,0.0,0.0,9.758620689655173
2020,RA Jadeja,8.75229357798165,318,36.333333333333336,218,6,0.425,0.06521739130434782,0.0,59,0.125,0.0,0.0,0.0,0.0,7.1020408163265305
2008,SB Bangar,8.76,219,25.0,150,4,0.175,0.15217391304347827,0.0,60,0.0625,0.0,0.0,0.0,0.0,
2024,Ravi Bishnoi,8.770992366412214,383,43.666666666666664,262,10,0.5,0.17391304347826086,0.0,97,0.0,0.0,0.0,0.25,0.2,10.837837837837839
2022,PVD Chameera,8.772727272727273,386,44.0,264,9,0.325,0.391304347826087,0.18181818181818182,134,0.0625,0.0,0.0,0.0,0.0,
2017,CR Woakes,8.772727272727273,386,44.0,264,17,0.35,0.30434782608695654,0.0,107,0.25,0.16666666666666666,0.0,0.25,0.0,10.363636363636365
2025,JR Hazlewood,8.772727272727273,386,44.0,264,22,0.55,0.13043478260869565,0.0,126,0.0625,0.3333333333333333,0.0,0.0,0.0,9.592233009708737
2014,AB Dinda,8.774193548387096,272,31.0,186,5,0.225,0.2826086956521739,0.18181818181818182,72,0.0625,0.0,0.0,0.0,0.0,
2013,A Nehra,8.777777777777779,316,36.0,216,11,0.325,0.1956521739130435,0.0,92,0.0625,0.0,0.0,0.25,0.0,
2026,CV Varun,8.78048780487805,360,41.0,246,11,0.45,0.1956521739130435,0.0,89,0.0625,0.0,0.0,0.0,0.2,
2014,R Vinay Kumar,8.78125,281,32.0,192,7,0.225,0.043478260869565216,0.0,65,0.0625,0.0,0.0,0.0,0.0,8.482758620689655
2022,LS Livingstone,8.782608695652174,202,23.0,138,6,0.25,0.13043478260869565,0.0,44,0.0,0.0,0.0,0.25,0.2,
2023,Akash Madhwal,8.784313725490197,224,25.5,153,14,0.225,0.15217391304347827,0.45454545454545453,56,0.3125,0.5,0.0,0.0,0.0,11.394495412844035
2022,DJ Bravo,8.796116504854368,302,34.333333333333336,206,16,0.15,0.5,0.2727272727272727,92,0.0625,0.16666666666666666,0.0,0.0,0.0,
2012,A Ashish Reddy,8.797546012269938,239,27.166666666666668,163,11,0.3,0.17391304347826086,0.18181818181818182,60,0.125,0.3333333333333333,0.0,0.0,0.0,
2020,SS Cottrell,8.8,176,20.0,120,6,0.2,0.32608695652173914,0.0,70,0.0625,0.0,0.0,0.0,0.0,
2010,RP Singh,8.80952380952381,370,42.0,252,13,0.35,0.34782608695652173,0.0,117,0.0625,0.0,0.0,0.0,0.0,6.9
2008,VRV Singh,8.8125,423,48.0,288,11,0.275,0.17391304347826086,0.2727272727272727,104,0.25,0.0,0.0,0.0,0.0,
2020,Arshdeep Singh,8.818791946308725,219,24.833333333333332,149,9,0.175,0.21739130434782608,0.09090909090909091,64,0.0625,0.0,0.0,0.25,0.0,8.274193548387096
2014,BW Hilfenhaus,8.821428571428571,247,28.0,168,8,0.3,0.15217391304347827,0.09090909090909091,81,0.125,0.16666666666666666,0.0,0.0,0.0,
2014,L Balaji,8.823529411764707,300,34.0,204,12,0.3,0.15217391304347827,0.09090909090909091,84,0.1875,0.0,0.0,0.0,0.0,
2021,PJ Cummins,8.832298136645964,237,26.833333333333332,161,9,0.3,0.2391304347826087,0.0,67,0.0625,0.16666666666666666,0.0,0.0,0.0,10.689075630252102
2017,A Mishra,8.832618025751072,343,38.833333333333336,233,10,0.5,0.08695652173913043,0.0,84,0.0,0.0,0.0,0.0,0.4,7.135135135135135
2022,DR Sams,8.833333333333334,371,42.0,252,13,0.475,0.5869565217391305,0.09090909090909091,128,0.0,0.16666666666666666,0.0,0.0,0.0,
2022,AS Joseph,8.833333333333334,265,30.0,180,7,0.325,0.13043478260869565,0.09090909090909091,76,0.125,0.0,0.0,0.0,0.0,9.375
2016,DJ Bravo,8.839285714285714,495,56.0,336,17,0.4,0.2826086956521739,0.09090909090909091,109,0.3125,0.16666666666666666,0.0,0.5,0.0,
2025,Suyash Sharma,8.84,442,50.0,300,8,0.55,0.1956521739130435,0.0,107,0.3125,0.16666666666666666,0.0,0.0,0.0,9.208163265306123
2021,SN Thakur,8.841225626740947,529,59.833333333333336,359,21,0.425,0.6304347826086957,0.18181818181818182,165,0.125,0.3333333333333333,0.0,0.0,0.0,9.806896551724137
2015,Imran Tahir,8.845070422535212,314,35.5,213,15,0.45,0.3695652173913043,0.0,72,0.1875,0.16666666666666666,0.0,0.0,0.0,
2019,HF Gurney,8.851851851851851,239,27.0,162,7,0.175,0.15217391304347827,0.09090909090909091,57,0.0,0.3333333333333333,0.0,0.0,0.0,
2024,Azmatullah Omarzai,8.857142857142858,186,21.0,126,4,0.15,0.10869565217391304,0.0,62,0.0,0.16666666666666666,0.0,0.0,0.0,10.333333333333334
2024,K Rabada,8.857142857142858,372,42.0,252,11,0.375,0.21739130434782608,0.0,111,0.125,0.16666666666666666,0.0,0.0,0.0,
2015,TG Southee,8.857142857142858,248,28.0,168,6,0.3,0.15217391304347827,0.09090909090909091,79,0.0625,0.0,0.0,0.0,0.0,7.651162790697675
2015,YS Chahal,8.861209964412812,415,46.833333333333336,281,23,0.7,0.043478260869565216,0.0,93,0.25,0.16666666666666666,0.0,0.25,0.6,8.176271186440678
2018,TA Boult,8.867088607594937,467,52.666666666666664,316,18,0.45,0.2608695652173913,0.09090909090909091,128,0.3125,0.0,0.0,0.0,0.0,8.578947368421053
2024,TU Deshpande,8.875,426,48.0,288,17,0.5,0.5,0.18181818181818182,139,0.1875,0.0,0.0,0.0,0.0,10.625
2026,Prince Yadav,8.875399361022364,463,52.166666666666664,313,16,0.5,0.41304347826086957,0.0,138,0.3125,0.0,0.0,0.25,0.0,
2025,Arshdeep Singh,8.879999999999999,518,58.333333333333336,350,21,0.375,0.4782608695652174,0.0,154,0.125,0.5,0.0,0.0,0.0,10.226415094339623
2020,KL Nagarkoti,8.884615384615385,231,26.0,156,5,0.275,0.08695652173913043,0.0,50,0.0,0.0,0.0,0.0,0.0,
2014,Sandeep Sharma,8.887966804979254,357,40.166666666666664,241,18,0.35,0.30434782608695654,0.2727272727272727,124,0.25,0.5,0.0,0.0,0.0,7.02
2026,Mukesh Choudhary,8.892857142857142,249,28.0,168,8,0.3,0.21739130434782608,0.0,82,0.0625,0.0,0.0,0.25,0.0,
2026,J Overton,8.892857142857142,249,28.0,168,14,0.3,0.17391304347826086,0.0,68,0.1875,0.0,0.0,0.0,0.0,
2023,PWH de Silva,8.89655172413793,258,29.0,174,9,0.375,0.043478260869565216,0.0,56,0.125,0.3333333333333333,0.0,0.0,0.4,
2017,K Rabada,8.90625,190,21.333333333333332,128,6,0.125,0.30434782608695654,0.18181818181818182,60,0.1875,0.0,0.0,0.0,0.0,
2013,UT Yadav,8.906515580736544,524,58.833333333333336,353,16,0.375,0.43478260869565216,0.09090909090909091,151,0.1875,0.0,0.0,0.0,0.0,8.222222222222221
2019,KMA Paul,8.9079754601227,242,27.166666666666668,163,9,0.2,0.45652173913043476,0.45454545454545453,67,0.0,0.0,0.0,0.0,0.0,
2010,L Balaji,8.914285714285715,208,23.333333333333332,140,7,0.225,0.32608695652173914,0.09090909090909091,61,0.1875,0.0,0.0,0.0,0.0,8.413533834586465
2024,PP Chawla,8.914285714285715,312,35.0,210,13,0.525,0.1956521739130435,0.0,70,0.125,0.3333333333333333,0.0,0.25,0.0,
2025,E Malinga,8.924999999999999,238,26.666666666666668,160,13,0.25,0.10869565217391304,0.0,61,0.0,0.3333333333333333,0.0,0.75,0.0,9.331288343558281
2008,VY Mahesh,8.940711462450594,377,42.166666666666664,253,16,0.35,0.30434782608695654,0.6363636363636364,109,0.25,0.0,0.0,0.0,0.0,
2009,Shoaib Ahmed,8.941176470588236,152,17.0,102,5,0.175,0.021739130434782608,0.0,36,0.0625,0.16666666666666666,0.0,0.0,0.0,
2015,DW Steyn,8.947368421052632,170,19.0,114,3,0.075,0.043478260869565216,0.0,41,0.125,0.0,0.0,0.0,0.0,
2017,PP Chawla,8.95,179,20.0,120,6,0.225,0.043478260869565216,0.0,38,0.25,0.16666666666666666,0.0,0.0,0.0,8.408163265306122
2016,SB Jakati,8.95,179,20.0,120,2,0.225,0.06521739130434782,0.09090909090909091,35,0.0,0.0,0.0,0.0,0.2,
2018,Mohammed Siraj,8.951219512195122,367,41.0,246,11,0.525,0.4782608695652174,0.0,108,0.125,0.0,0.0,0.0,0.0,9.621301775147929
2018,HH Pandya,8.953125,382,42.666666666666664,256,18,0.45,0.30434782608695654,0.09090909090909091,111,0.0625,0.0,0.0,1.0,0.0,9.2
2018,SR Watson,8.964285714285714,251,28.0,168,6,0.3,0.17391304347826086,0.0,65,0.0,0.16666666666666666,0.0,0.0,0.0,
2025,TA Boult,8.965317919075146,517,57.666666666666664,346,22,0.55,0.32608695652173914,0.0,138,0.3125,0.5,0.5,0.0,0.0,
2019,PP Chawla,8.96629213483146,399,44.5,267,10,0.525,0.0,0.0,87,0.1875,0.16666666666666666,0.0,0.25,0.0,9.142857142857142
2023,NT Ellis,8.973684210526315,341,38.0,228,13,0.325,0.13043478260869565,0.18181818181818182,71,0.1875,0.16666666666666666,0.0,0.25,0.0,
2022,LH Ferguson,8.97902097902098,428,47.666666666666664,286,12,0.5,0.34782608695652173,0.09090909090909091,128,0.0625,0.16666666666666666,0.0,0.0,0.0,
2018,LE Plunkett,9.0,225,25.0,150,4,0.3,0.08695652173913043,0.0,46,0.0625,0.0,0.0,0.0,0.0,
2026,Mohammed Shami,9.0,459,51.0,306,12,0.55,0.45652173913043476,0.0,153,0.0625,0.0,0.0,0.0,0.0,
2008,PJ Sangwan,9.0,216,24.0,144,5,0.2,0.32608695652173914,0.09090909090909091,60,0.0,0.0,0.0,0.0,0.0,7.757142857142857
2020,JL Pattinson,9.014084507042254,320,35.5,213,11,0.25,0.1956521739130435,0.0,87,0.0625,0.3333333333333333,0.0,0.0,0.0,
2017,MM Sharma,9.021897810218979,412,45.666666666666664,274,13,0.45,0.08695652173913043,0.18181818181818182,92,0.125,0.0,0.0,0.25,0.0,10.92134831460674
2024,RD Chahar,9.03225806451613,280,31.0,186,10,0.45,0.06521739130434782,0.09090909090909091,58,0.125,0.16666666666666666,0.0,0.25,0.0,
2018,TG Southee,9.03448275862069,262,29.0,174,5,0.225,0.1956521739130435,0.09090909090909091,67,0.125,0.16666666666666666,0.0,0.0,0.0,
2019,S Kaul,9.037037037037036,244,27.0,162,6,0.375,0.15217391304347827,0.18181818181818182,62,0.0625,0.0,0.0,0.0,0.0,
2020,KA Pollard,9.047619047619047,190,21.0,126,4,0.175,0.2608695652173913,0.0,45,0.0,0.0,0.0,0.0,0.0,
2025,PWH de Silva,9.048780487804878,371,41.0,246,11,0.525,0.10869565217391304,0.0,72,0.0625,0.0,0.0,0.0,0.0,
2017,S Aravind,9.049180327868852,276,30.5,183,5,0.3,0.15217391304347827,0.09090909090909091,68,0.125,0.0,0.0,0.0,0.0,
2008,JH Kallis,9.058252427184465,311,34.333333333333336,206,4,0.225,0.1956521739130435,0.0,65,0.0625,0.0,0.0,0.0,0.0,7.717391304347826
2024,T Natarajan,9.058441558441558,465,51.333333333333336,308,19,0.425,0.5217391304347826,0.0,136,0.1875,0.16666666666666666,0.0,0.0,0.0,
2011,AB Dinda,9.058823529411764,154,17.0,102,5,0.125,0.1956521739130435,0.18181818181818182,49,0.0625,0.0,0.0,0.0,0.0,7.208333333333333
2017,TA Boult,9.062937062937063,216,23.833333333333332,143,5,0.125,0.10869565217391304,0.0,63,0.0,0.0,0.0,0.0,0.0,8.867088607594937
2026,Mohammed Siraj,9.064516129032258,562,62.0,372,19,0.6,0.391304347826087,0.0,186,0.125,0.0,0.0,0.0,0.0,
2016,UT Yadav,9.076923076923077,236,26.0,156,10,0.225,0.15217391304347827,0.18181818181818182,58,0.1875,0.3333333333333333,0.0,0.0,0.0,8.45360824742268
2026,Rashid Khan,9.079178885630498,516,56.833333333333336,341,21,0.9,0.32608695652173914,0.0,124,0.375,0.3333333333333333,0.0,0.0,0.2,
2025,PJ Cummins,9.080536912751679,451,49.666666666666664,298,16,0.575,0.30434782608695654,0.09090909090909091,131,0.0625,0.16666666666666666,0.5,0.0,0.0,9.65625
2024,Harshit Rana,9.08300395256917,383,42.166666666666664,253,19,0.55,0.2391304347826087,0.0,106,0.125,0.16666666666666666,0.0,0.25,0.0,10.227272727272727
2022,Umran Malik,9.091525423728815,447,49.166666666666664,295,22,0.425,0.5434782608695652,0.36363636363636365,157,0.5,0.16666666666666666,0.0,0.5,0.0,10.85
2018,Imran Tahir,9.096774193548386,188,20.666666666666668,124,6,0.25,0.043478260869565216,0.0,42,0.0,0.16666666666666666,0.0,0.0,0.0,6.699481865284975
2015,Anureet Singh,9.096774193548388,470,51.666666666666664,310,15,0.45,0.34782608695652173,0.45454545454545453,127,0.25,0.0,0.0,0.0,0.0,
2023,T Natarajan,9.11111111111111,410,45.0,270,10,0.35,0.13043478260869565,0.0,81,0.0625,0.16666666666666666,0.0,0.0,0.0,9.058441558441558
2014,A Mishra,9.12,342,37.5,225,7,0.525,0.10869565217391304,0.18181818181818182,72,0.0,0.0,0.0,0.0,0.0,7.717842323651452
2025,R Ashwin,9.129032258064516,283,31.0,186,7,0.45,0.06521739130434782,0.0,60,0.0,0.0,0.0,0.25,0.2,
2019,S Lamichhane,9.130434782608695,210,23.0,138,8,0.325,0.0,0.0,47,0.0,0.3333333333333333,0.0,0.25,0.4,
2017,SR Watson,9.130434782608695,245,26.833333333333332,161,5,0.175,0.08695652173913043,0.0,52,0.1875,0.0,0.0,0.0,0.0,8.964285714285714
2015,P Kumar,9.13888888888889,329,36.0,216,7,0.375,0.30434782608695654,0.0,93,0.0625,0.0,0.0,0.0,0.0,7.786407766990291
2023,Yash Thakur,9.141361256544503,291,31.833333333333332,191,13,0.4,0.34782608695652173,0.18181818181818182,84,0.0625,0.0,0.0,0.0,0.0,11.352112676056338
2015,UT Yadav,9.142857142857142,384,42.0,252,10,0.25,0.32608695652173914,0.18181818181818182,110,0.1875,0.0,0.0,0.0,0.0,9.076923076923077
2020,PP Chawla,9.142857142857142,192,21.0,126,6,0.25,0.043478260869565216,0.09090909090909091,38,0.0,0.16666666666666666,0.0,0.0,0.2,
2023,HH Pandya,9.16,229,25.0,150,3,0.275,0.13043478260869565,0.09090909090909091,69,0.0,0.0,0.0,0.25,0.0,10.75
2009,AB Agarkar,9.161290322580646,284,31.0,186,6,0.225,0.30434782608695654,0.0,84,0.125,0.0,0.0,0.0,0.0,9.272727272727273
2021,CH Morris,9.170731707317072,376,41.0,246,15,0.4,0.43478260869565216,0.0,107,0.125,0.0,0.0,0.0,0.0,
2023,A Nortje,9.175,367,40.0,240,10,0.425,0.2391304347826087,0.2727272727272727,104,0.25,0.0,0.0,0.25,0.0,13.409090909090908
2013,MS Gony,9.178571428571429,257,28.0,168,7,0.3,0.15217391304347827,0.09090909090909091,71,0.25,0.0,0.0,0.0,0.0,
2016,HH Pandya,9.18,153,16.666666666666668,100,3,0.175,0.13043478260869565,0.0,37,0.0,0.0,0.0,0.0,0.0,8.192307692307692
2023,KK Ahmed,9.181818181818182,303,33.0,198,9,0.35,0.34782608695652173,0.18181818181818182,102,0.0,0.0,0.0,0.0,0.0,9.6
2017,RA Jadeja,9.18421052631579,349,38.0,228,5,0.375,0.021739130434782608,0.0,61,0.0625,0.3333333333333333,0.0,0.0,0.0,7.390243902439025
2024,Mohammed Siraj,9.185185185185185,496,54.0,324,15,0.6,0.5869565217391305,0.0,155,0.125,0.3333333333333333,0.0,0.0,0.0,9.24561403508772
2017,DS Kulkarni,9.185840707964603,173,18.833333333333332,113,3,0.125,0.10869565217391304,0.0,40,0.0,0.0,0.0,0.25,0.0,9.478991596638656
2021,R Tewatia,9.18918918918919,340,37.0,222,8,0.4,0.15217391304347827,0.0,57,0.0625,0.0,0.0,0.0,0.6,
2024,Yash Dayal,9.18936877076412,461,50.166666666666664,301,15,0.35,0.5217391304347826,0.2727272727272727,142,0.125,0.0,0.0,0.0,0.0,9.673469387755102
2010,IK Pathan,9.194244604316546,426,46.333333333333336,278,15,0.275,0.2608695652173913,0.0,115,0.125,0.0,0.0,0.0,0.0,7.5272727272727264
2022,VG Arora,9.19626168224299,164,17.833333333333332,107,3,0.15,0.06521739130434782,0.0,42,0.0625,0.0,0.0,0.0,0.0,
2019,HH Pandya,9.2,391,42.5,255,14,0.575,0.30434782608695654,0.09090909090909091,107,0.0,0.16666666666666666,0.0,0.0,0.0,
2026,Suyash Sharma,9.208163265306123,376,40.833333333333336,245,9,0.45,0.17391304347826086,0.0,81,0.0625,0.0,0.0,0.0,0.0,
2022,OC McCoy,9.212903225806452,238,25.833333333333332,155,11,0.2,0.3695652173913043,0.18181818181818182,66,0.1875,0.0,0.0,0.0,0.0,
2023,JP Behrendorff,9.214285714285714,387,42.0,252,14,0.45,0.30434782608695654,0.0,102,0.125,0.0,0.0,0.0,0.0,
2017,Mohammed Siraj,9.217391304347826,212,23.0,138,10,0.225,0.06521739130434782,0.0,53,0.1875,0.0,0.0,0.0,0.0,8.951219512195122
2025,DL Chahar,9.21951219512195,378,41.0,246,11,0.35,0.4782608695652174,0.18181818181818182,124,0.0,0.0,0.0,0.0,0.0,10.392156862745098
2025,M Jansen,9.222614840989399,435,47.166666666666664,283,16,0.55,0.34782608695652173,0.18181818181818182,133,0.25,0.16666666666666666,0.0,0.5,0.0,10.204225352112676
2025,V Nigam,9.23076923076923,360,39.0,234,11,0.525,0.2391304347826087,0.36363636363636365,82,0.0625,0.3333333333333333,0.0,0.0,0.2,
2018,SN Thakur,9.235714285714286,431,46.666666666666664,280,16,0.6,0.32608695652173914,0.0,128,0.0625,0.0,0.0,0.25,0.0,9.366666666666667
2025,Mohammed Siraj,9.24561403508772,527,57.0,342,16,0.55,0.6521739130434783,0.0,176,0.3125,0.3333333333333333,0.0,0.0,0.0,9.064516129032258
2025,R Sai Kishore,9.24705882352941,393,42.5,255,19,0.625,0.15217391304347827,0.0,84,0.0625,0.16666666666666666,0.0,0.25,0.0,
2026,Gurjapneet Singh,9.258278145695364,233,25.166666666666668,151,4,0.325,0.2608695652173913,0.0,54,0.0,0.0,0.0,0.0,0.0,
2010,AB Agarkar,9.272727272727273,204,22.0,132,4,0.15,0.08695652173913043,0.09090909090909091,47,0.0625,0.0,0.0,0.0,0.0,8.555555555555555
2024,PJ Cummins,9.278688524590164,566,61.0,366,18,0.575,0.21739130434782608,0.0,134,0.125,0.16666666666666666,0.0,0.0,0.0,9.080536912751679
2008,Mohammad Asif,9.28125,297,32.0,192,8,0.2,0.15217391304347827,0.09090909090909091,77,0.125,0.0,0.0,0.25,0.0,
2016,CJ Jordan,9.285714285714286,260,28.0,168,11,0.225,0.3695652173913043,0.18181818181818182,65,0.25,0.0,0.0,0.25,0.0,
2018,M Prasidh Krishna,9.285714285714286,260,28.0,168,10,0.25,0.1956521739130435,0.0,69,0.0625,0.3333333333333333,0.0,0.0,0.0,9.459677419354838
2025,B Kumar,9.288461538461538,483,52.0,312,17,0.65,0.13043478260869565,0.0,129,0.125,0.0,0.0,0.0,0.0,7.968253968253968
2021,DT Christian,9.299999999999999,155,16.666666666666668,100,4,0.125,0.08695652173913043,0.0,33,0.0,0.0,0.0,0.25,0.0,
2026,Yash Raj Punja,9.3,279,30.0,180,9,0.45,0.13043478260869565,0.0,55,0.125,0.16666666666666666,0.0,0.0,0.0,
2017,A Nehra,9.307086614173228,197,21.166666666666668,127,8,0.1,0.10869565217391304,0.0,53,0.125,0.0,0.0,0.0,0.0,
2022,Mukesh Choudhary,9.31868131868132,424,45.5,273,16,0.425,0.391304347826087,0.0,137,0.1875,0.3333333333333333,0.0,0.0,0.0,
2021,M Prasidh Krishna,9.324675324675324,359,38.5,231,12,0.35,0.4782608695652174,0.7272727272727273,118,0.0625,0.16666666666666666,0.0,0.0,0.0,8.330827067669173
2026,E Malinga,9.331288343558281,507,54.333333333333336,326,20,0.6,0.5434782608695652,0.0,142,0.125,0.0,0.0,0.0,0.0,
2019,CH Morris,9.333333333333334,308,33.0,198,13,0.25,0.17391304347826086,0.18181818181818182,75,0.1875,0.3333333333333333,0.0,0.25,0.0,6.631578947368421
2026,JC Archer,9.333333333333334,560,60.0,360,25,0.5,0.6739130434782609,0.09090909090909091,176,0.375,0.16666666666666666,0.0,0.0,0.0,
2022,Yash Dayal,9.34375,299,32.0,192,11,0.3,0.2826086956521739,0.2727272727272727,87,0.0,0.0,0.0,0.0,0.0,
2015,SR Watson,9.344827586206897,271,29.0,174,6,0.225,0.41304347826086957,0.18181818181818182,83,0.0625,0.0,0.0,0.0,0.0,8.601769911504425
2025,Rashid Khan,9.345454545454546,514,55.0,330,9,0.825,0.13043478260869565,0.0,100,0.0625,0.3333333333333333,0.0,0.0,0.2,9.079178885630498
2017,Mohammed Shami,9.346153846153847,243,26.0,156,5,0.2,0.2826086956521739,0.0,66,0.125,0.16666666666666666,0.0,0.0,0.0,
2024,Mustafizur Rahman,9.349514563106796,321,34.333333333333336,206,14,0.25,0.391304347826087,0.36363636363636365,97,0.0625,0.0,0.0,0.0,0.0,
2011,SJ Srivastava,9.35,187,20.0,120,8,0.15,0.34782608695652173,0.09090909090909091,58,0.0625,0.0,0.0,0.25,0.0,
2019,SN Thakur,9.366666666666667,281,30.0,180,8,0.275,0.21739130434782608,0.0,75,0.0,0.0,0.0,0.25,0.0,8.56701030927835
2024,VG Arora,9.366666666666667,281,30.0,180,11,0.3,0.43478260869565216,0.5454545454545454,99,0.125,0.0,0.0,0.0,0.0,10.117647058823529
2024,B Kumar,9.368421052631579,534,57.0,342,11,0.525,0.32608695652173914,0.09090909090909091,150,0.0625,0.16666666666666666,0.0,0.0,0.2,9.288461538461538
2023,AS Joseph,9.375,225,24.0,144,7,0.425,0.13043478260869565,0.0,63,0.0625,0.0,0.0,0.0,0.0,
2018,AD Russell,9.409691629955947,356,37.833333333333336,227,13,0.375,0.2608695652173913,0.09090909090909091,88,0.0625,0.0,0.0,0.0,0.0,9.513812154696133
2016,KC Cariappa,9.411764705882353,160,17.0,102,3,0.3,0.06521739130434782,0.09090909090909091,38,0.0625,0.0,0.0,0.0,0.0,
2022,KR Sen,9.417218543046356,237,25.166666666666668,151,8,0.275,0.15217391304347827,0.0,65,0.125,0.0,0.0,0.25,0.0,
2023,WD Parnell,9.417218543046356,237,25.166666666666668,151,9,0.325,0.13043478260869565,0.09090909090909091,62,0.0625,0.16666666666666666,0.5,0.0,0.0,
2013,KA Pollard,9.419354838709678,292,31.0,186,10,0.325,0.2391304347826087,0.0,71,0.0625,0.0,0.0,0.25,0.0,10.56
2022,JO Holder,9.421686746987952,391,41.5,249,14,0.475,0.3695652173913043,0.0,94,0.0625,0.16666666666666666,0.0,0.0,0.0,9.964912280701755
2020,KK Ahmed,9.428571428571429,242,25.666666666666668,154,8,0.275,0.08695652173913043,0.0,66,0.1875,0.0,0.0,0.0,0.0,8.148148148148149
2020,M Prasidh Krishna,9.428571428571429,165,17.5,105,4,0.1,0.06521739130434782,0.18181818181818182,39,0.125,0.0,0.0,0.0,0.0,9.324675324675324
2024,YS Chahal,9.431034482758621,547,58.0,348,18,0.75,0.32608695652173914,0.09090909090909091,114,0.0625,0.3333333333333333,0.0,0.25,0.2,9.555555555555555
2012,A Singh,9.441624365482232,310,32.833333333333336,197,10,0.275,0.2391304347826087,0.0,68,0.0625,0.0,0.0,0.0,0.0,
2022,T Natarajan,9.44186046511628,406,43.0,258,18,0.45,0.41304347826086957,0.0,96,0.4375,0.3333333333333333,0.0,0.0,0.0,9.11111111111111
2010,SJ Srivastava,9.444444444444445,255,27.0,162,6,0.175,0.34782608695652173,0.0,72,0.0,0.0,0.0,0.0,0.0,9.35
2019,M Prasidh Krishna,9.459677419354838,391,41.333333333333336,248,5,0.25,0.2826086956521739,0.36363636363636365,108,0.0,0.16666666666666666,0.0,0.0,0.0,9.428571428571429
2013,MR Marsh,9.465517241379311,183,19.333333333333332,116,7,0.275,0.13043478260869565,0.09090909090909091,43,0.0,0.16666666666666666,0.0,0.0,0.0,
2015,MG Johnson,9.46788990825688,344,36.333333333333336,218,10,0.35,0.3695652173913043,0.18181818181818182,107,0.1875,0.0,0.0,0.0,0.0,
2026,Sakib Hussain,9.476190476190476,398,42.0,252,15,0.45,0.5652173913043478,0.09090909090909091,108,0.25,0.16666666666666666,0.0,0.0,0.0,
2018,DS Kulkarni,9.478991596638656,188,19.833333333333332,119,4,0.2,0.15217391304347827,0.0,61,0.0625,0.0,0.0,0.0,0.0,9.6
2010,I Sharma,9.48,237,25.0,150,7,0.15,0.2391304347826087,0.09090909090909091,70,0.125,0.16666666666666666,0.0,0.0,0.0,7.25
2017,MJ McClenaghan,9.481481481481481,512,54.0,324,19,0.5,0.45652173913043476,0.45454545454545453,140,0.1875,0.5,0.0,0.0,0.0,8.325
2026,YS Chahal,9.487804878048781,389,41.0,246,12,0.525,0.3695652173913043,0.36363636363636365,69,0.0625,0.0,0.0,0.0,0.2,
2015,JP Faulkner,9.488888888888889,427,45.0,270,8,0.425,0.2391304347826087,0.09090909090909091,106,0.125,0.0,0.0,0.0,0.0,9.941176470588236
2017,Basil Thampi,9.492537313432836,424,44.666666666666664,268,11,0.425,0.21739130434782608,0.0,89,0.125,0.6666666666666666,0.0,0.0,0.0,
2025,JC Archer,9.494505494505495,432,45.5,273,11,0.45,0.4782608695652174,0.18181818181818182,129,0.1875,0.16666666666666666,0.0,0.0,0.0,9.333333333333334
2011,UT Yadav,9.5,171,18.0,108,2,0.125,0.10869565217391304,0.18181818181818182,42,0.0,0.0,0.0,0.0,0.0,7.491803278688525
2022,JD Unadkat,9.5,190,20.0,120,6,0.275,0.08695652173913043,0.0,39,0.0625,0.16666666666666666,0.0,0.0,0.0,
2026,Rasikh Salam,9.501945525291829,407,42.833333333333336,257,19,0.25,0.32608695652173914,0.18181818181818182,98,0.3125,0.0,0.0,0.25,0.0,
2019,AD Russell,9.513812154696133,287,30.166666666666668,181,11,0.35,0.021739130434782608,0.0,62,0.125,0.0,0.5,0.0,0.0,9.833333333333334
2023,C Green,9.526315789473685,362,38.0,228,6,0.5,0.391304347826087,0.09090909090909091,99,0.0625,0.0,0.0,0.0,0.0,8.61611374407583
2013,AB Dinda,9.53061224489796,467,49.0,294,16,0.375,0.21739130434782608,0.18181818181818182,114,0.25,0.0,0.0,0.0,0.0,8.774193548387096
2020,MP Stoinis,9.539325842696629,283,29.666666666666668,178,13,0.35,0.15217391304347827,0.0,56,0.1875,0.0,0.0,0.0,0.0,
2018,HV Patel,9.542857142857143,167,17.5,105,7,0.175,0.15217391304347827,0.0,40,0.0,0.16666666666666666,0.0,0.0,0.0,
2025,YS Chahal,9.555555555555555,430,45.0,270,16,0.65,0.2391304347826087,0.0,80,0.0625,0.16666666666666666,0.0,0.0,0.2,9.487804878048781
2026,JR Hazlewood,9.592233009708737,494,51.5,309,15,0.625,0.2826086956521739,0.0,139,0.1875,0.16666666666666666,0.0,0.5,0.0,
2018,Washington Sundar,9.6,192,20.0,120,4,0.325,0.13043478260869565,0.0,31,0.0,0.16666666666666666,0.0,0.0,0.2,
2019,DS Kulkarni,9.6,336,35.0,210,6,0.325,0.1956521739130435,0.09090909090909091,85,0.125,0.0,0.0,0.0,0.0,
2024,KK Ahmed,9.6,480,50.0,300,17,0.575,0.5652173913043478,0.09090909090909091,153,0.0625,0.3333333333333333,0.0,0.0,0.0,9.642857142857144
2023,JC Archer,9.6,192,20.0,120,2,0.275,0.2826086956521739,0.18181818181818182,56,0.0,0.0,0.0,0.25,0.0,
2026,AS Roy,9.607361963190183,261,27.166666666666668,163,9,0.325,0.4782608695652174,0.0,74,0.125,0.0,0.0,0.25,0.2,
2024,Avesh Khan,9.610942249240122,527,54.833333333333336,329,19,0.575,0.391304347826087,0.09090909090909091,117,0.125,0.5,0.0,0.25,0.0,10.288732394366196
2026,Shivang Kumar,9.615384615384615,375,39.0,234,9,0.475,0.13043478260869565,0.0,69,0.0,0.0,0.0,0.0,0.0,
2019,Mohammed Siraj,9.621301775147929,271,28.166666666666668,169,7,0.325,0.30434782608695654,0.18181818181818182,77,0.125,0.0,0.0,0.0,0.0,8.723926380368098
2022,Shahbaz Ahmed,9.628571428571428,337,35.0,210,4,0.475,0.21739130434782608,0.09090909090909091,68,0.0,0.16666666666666666,0.0,0.0,0.0,
2020,Kartik Tyagi,9.641921397379914,368,38.166666666666664,229,9,0.525,0.2608695652173913,0.09090909090909091,94,0.0,0.0,0.0,0.0,0.0,
2025,KK Ahmed,9.642857142857144,450,46.666666666666664,280,15,0.625,0.21739130434782608,0.2727272727272727,146,0.125,0.0,0.0,0.0,0.0,8.673267326732674
2019,GC Viljoen,9.652173913043478,222,23.0,138,7,0.15,0.2608695652173913,0.0,55,0.0625,0.16666666666666666,0.0,0.0,0.0,
2026,PJ Cummins,9.65625,309,32.0,192,8,0.35,0.32608695652173914,0.18181818181818182,78,0.0625,0.0,0.0,0.0,0.0,
2025,Yash Dayal,9.673469387755102,474,49.0,294,13,0.5,0.32608695652173914,0.36363636363636365,106,0.25,0.16666666666666666,0.0,0.0,0.0,
2018,JD Unadkat,9.675496688741722,487,50.333333333333336,302,11,0.475,0.17391304347826086,0.09090909090909091,105,0.0,0.0,0.0,0.0,0.0,10.660714285714285
2016,VR Aaron,9.676056338028168,229,23.666666666666668,142,2,0.225,0.2826086956521739,0.18181818181818182,61,0.0,0.0,0.0,0.0,0.0,8.2
2011,A Mithun,9.676470588235293,329,34.0,204,5,0.375,0.3695652173913043,0.7272727272727273,83,0.0625,0.0,0.0,0.0,0.0,
2018,Shivam Mavi,9.678571428571429,271,28.0,168,5,0.4,0.2608695652173913,0.09090909090909091,74,0.125,0.0,0.0,0.0,0.0,
2026,K Rabada,9.68041237113402,626,64.66666666666667,388,29,1.0,0.2826086956521739,0.0,184,0.1875,0.16666666666666666,0.0,0.5,0.0,
2023,Arshdeep Singh,9.698360655737705,493,50.833333333333336,305,17,0.4,0.41304347826086957,0.0,133,0.1875,0.16666666666666666,0.0,0.0,0.0,10.033112582781456
2021,KA Jamieson,9.714285714285714,272,28.0,168,9,0.35,0.2391304347826087,0.2727272727272727,79,0.0625,0.0,0.0,0.0,0.0,
2020,CJ Jordan,9.723076923076922,316,32.5,195,9,0.3,0.32608695652173914,0.09090909090909091,77,0.125,0.0,0.0,0.0,0.0,
2020,I Udana,9.724137931034482,282,29.0,174,8,0.275,0.17391304347826086,0.0,57,0.125,0.0,0.0,0.0,0.0,
2016,Mohammed Shami,9.735099337748345,245,25.166666666666668,151,5,0.2,0.1956521739130435,0.09090909090909091,51,0.0625,0.16666666666666666,0.0,0.0,0.0,9.346153846153847
2023,HV Patel,9.74468085106383,458,47.0,282,14,0.525,0.45652173913043476,0.45454545454545453,103,0.1875,0.0,0.0,0.0,0.0,9.775510204081632
2023,Avesh Khan,9.758620689655173,283,29.0,174,8,0.225,0.13043478260869565,0.0,63,0.0,0.0,0.0,0.0,0.0,9.610942249240122
2026,C Bosch,9.768595041322314,197,20.166666666666668,121,12,0.375,0.10869565217391304,0.18181818181818182,50,0.0625,0.16666666666666666,0.0,0.0,0.0,
2024,HV Patel,9.775510204081632,479,49.0,294,24,0.45,0.5869565217391305,0.18181818181818182,107,0.25,0.3333333333333333,0.0,0.0,0.0,9.901140684410645
2014,JP Faulkner,9.795454545454545,431,44.0,264,11,0.55,0.41304347826086957,0.18181818181818182,98,0.1875,0.0,0.0,0.0,0.0,9.488888888888889
2022,SN Thakur,9.806896551724137,474,48.333333333333336,290,15,0.575,0.6521739130434783,0.09090909090909091,133,0.0625,0.16666666666666666,0.0,0.25,0.0,10.571428571428571
2025,M Theekshana,9.80952380952381,412,42.0,252,11,0.35,0.5652173913043478,0.18181818181818182,91,0.0625,0.16666666666666666,0.0,0.0,0.2,
2019,SL Malinga,9.814126394052044,440,44.833333333333336,269,16,0.575,0.2391304347826087,0.18181818181818182,102,0.0,0.16666666666666666,0.0,0.25,0.0,
2019,SM Curran,9.818181818181818,324,33.0,198,10,0.3,0.1956521739130435,0.09090909090909091,69,0.25,0.0,0.0,0.0,0.0,8.238095238095237
2016,NLTC Perera,9.829145728643217,326,33.166666666666664,199,9,0.275,0.06521739130434782,0.0,59,0.125,0.0,0.0,0.0,0.0,
2019,UT Yadav,9.832599118942731,372,37.833333333333336,227,8,0.45,0.2391304347826087,0.09090909090909091,98,0.0,0.0,0.0,0.0,0.0,
2020,AD Russell,9.833333333333334,177,18.0,108,6,0.2,0.15217391304347827,0.18181818181818182,44,0.0625,0.0,0.5,0.25,0.0,9.894736842105264
2026,Kartik Tyagi,9.843137254901961,502,51.0,306,18,0.625,0.2391304347826087,0.36363636363636365,122,0.0625,0.0,0.0,0.25,0.0,
2024,I Sharma,9.851851851851851,266,27.0,162,10,0.225,0.5217391304347826,0.09090909090909091,82,0.125,0.16666666666666666,0.0,0.0,0.0,11.181818181818182
2024,SN Thakur,9.852631578947369,312,31.666666666666668,190,5,0.325,0.15217391304347827,0.2727272727272727,54,0.125,0.0,0.0,0.0,0.0,11.058823529411764
2025,Prince Yadav,9.854014598540147,225,22.833333333333332,137,3,0.25,0.15217391304347827,0.0,50,0.1875,0.0,0.0,0.0,0.0,8.875399361022364
2024,Shahbaz Ahmed,9.854545454545455,271,27.5,165,7,0.4,0.021739130434782608,0.09090909090909091,52,0.0,0.16666666666666666,0.0,0.0,0.0,
2008,JR Hopes,9.857142857142858,276,28.0,168,7,0.425,0.06521739130434782,0.0,64,0.0,0.16666666666666666,0.0,0.25,0.0,
2025,HH Pandya,9.857142857142858,345,35.0,210,14,0.425,0.41304347826086957,0.2727272727272727,86,0.0,0.0,0.0,0.0,0.0,11.51470588235294
2025,Zeeshan Ansari,9.871921182266009,334,33.833333333333336,203,6,0.425,0.13043478260869565,0.09090909090909091,54,0.0625,0.0,0.0,0.25,0.0,
2017,CJ Anderson,9.876106194690266,186,18.833333333333332,113,3,0.2,0.1956521739130435,0.0,29,0.0,0.16666666666666666,0.0,0.0,0.0,
2018,BCJ Cutting,9.882352941176471,168,17.0,102,2,0.15,0.06521739130434782,0.0,27,0.0,0.0,0.0,0.0,0.0,
2008,Joginder Sharma,9.891891891891891,244,24.666666666666668,148,8,0.275,0.2391304347826087,0.45454545454545453,51,0.125,0.0,0.0,0.0,0.0,
2023,Akash Singh,9.894736842105264,188,19.0,114,5,0.275,0.06521739130434782,0.0,49,0.125,0.0,0.0,0.0,0.0,
2021,AD Russell,9.894736842105264,188,19.0,114,11,0.2,0.17391304347826086,0.0,47,0.0625,0.0,0.0,0.0,0.0,9.905325443786982
2022,A Nortje,9.895522388059701,221,22.333333333333332,134,9,0.25,0.1956521739130435,0.36363636363636365,55,0.0,0.0,0.0,0.0,0.0,9.175
2025,HV Patel,9.901140684410645,434,43.833333333333336,263,16,0.4,0.5869565217391305,0.36363636363636365,105,0.125,0.16666666666666666,0.0,0.0,0.0,
2017,JP Faulkner,9.901840490797545,269,27.166666666666668,163,8,0.25,0.021739130434782608,0.0,44,0.0,0.0,0.0,0.0,0.0,
2022,AD Russell,9.905325443786982,279,28.166666666666668,169,17,0.3,0.2391304347826087,0.09090909090909091,64,0.125,0.0,0.0,0.25,0.0,
2020,JD Unadkat,9.91304347826087,228,23.0,138,4,0.325,0.17391304347826086,0.0,41,0.0625,0.0,0.0,0.0,0.0,7.636363636363637
2026,Arshad Khan,9.923076923076923,172,17.333333333333332,104,6,0.25,0.15217391304347827,0.0,51,0.0625,0.0,0.0,0.0,0.0,
2026,Ravi Bishnoi,9.923076923076923,258,26.0,156,11,0.35,0.17391304347826086,0.09090909090909091,49,0.125,0.0,0.0,0.25,0.2,
2016,JP Faulkner,9.941176470588236,169,17.0,102,2,0.125,0.15217391304347827,0.18181818181818182,28,0.0625,0.0,0.0,0.0,0.0,9.901840490797545
2023,UT Yadav,9.947368421052632,189,19.0,114,1,0.275,0.043478260869565216,0.0,44,0.0,0.0,0.0,0.0,0.0,10.0
2023,HR Shokeen,9.947368421052632,189,19.0,114,3,0.25,0.1956521739130435,0.18181818181818182,42,0.0,0.0,0.0,0.0,0.0,
2024,N Thushara,9.961538461538462,259,26.0,156,8,0.25,0.391304347826087,0.18181818181818182,66,0.0,0.3333333333333333,0.0,0.0,0.0,
2018,DJ Bravo,9.962616822429906,533,53.5,321,14,0.725,0.3695652173913043,0.0,107,0.0625,0.0,0.0,0.5,0.0,8.064777327935223
2023,JO Holder,9.964912280701755,284,28.5,171,4,0.35,0.10869565217391304,0.0,51,0.0,0.0,0.0,0.0,0.0,
2023,TU Deshpande,9.976539589442815,567,56.833333333333336,341,21,0.7,0.5652173913043478,0.36363636363636365,163,0.125,0.16666666666666666,0.0,0.0,0.0,8.875
2026,Brijesh Sharma,9.978021978021978,454,45.5,273,14,0.325,0.5434782608695652,0.36363636363636365,107,0.125,0.6666666666666666,0.5,0.0,0.0,
2022,D Pretorius,10.0,210,21.0,126,6,0.275,0.2608695652173913,0.0,49,0.0,0.16666666666666666,0.0,0.0,0.0,
2024,UT Yadav,10.0,210,21.0,126,8,0.225,0.06521739130434782,0.0,59,0.0625,0.0,0.0,0.0,0.0,
2011,R McLaren,10.0,180,18.0,108,5,0.075,0.06521739130434782,0.18181818181818182,34,0.0625,0.0,0.0,0.0,0.0,
2021,RP Meredith,10.0,170,17.0,102,4,0.175,0.21739130434782608,0.09090909090909091,43,0.0625,0.0,0.0,0.0,0.0,8.428571428571429
2017,I Sharma,10.0,180,18.0,108,0,0.15,0.15217391304347827,0.09090909090909091,45,0.0,0.0,0.0,0.0,0.0,
2021,SM Curran,10.0,330,33.0,198,9,0.5,0.2391304347826087,0.18181818181818182,87,0.0625,0.16666666666666666,0.0,0.0,0.0,
2026,AM Ghazanfar,10.017167381974248,389,38.833333333333336,233,15,0.6,0.13043478260869565,0.0,74,0.1875,0.3333333333333333,0.0,0.0,0.2,
2024,Arshdeep Singh,10.033112582781456,505,50.333333333333336,302,19,0.525,0.5217391304347826,0.0,138,0.125,0.0,0.0,0.0,0.0,8.879999999999999
2023,M Jansen,10.037037037037036,271,27.0,162,10,0.3,0.41304347826086957,0.45454545454545453,82,0.0,0.16666666666666666,0.0,0.0,0.0,
2019,Mujeeb Ur Rahman,10.052631578947368,191,19.0,114,3,0.225,0.34782608695652173,0.0,46,0.0,0.0,0.0,0.0,0.0,
2017,PJ Sangwan,10.055555555555555,181,18.0,108,5,0.175,0.043478260869565216,0.0,48,0.0625,0.16666666666666666,0.0,0.0,0.0,
2024,AD Russell,10.056818181818182,295,29.333333333333332,176,19,0.5,0.2608695652173913,0.0,80,0.0625,0.0,0.0,0.0,0.0,12.110091743119265
2025,Sandeep Sharma,10.08968609865471,375,37.166666666666664,223,9,0.375,0.43478260869565216,0.09090909090909091,73,0.0,0.16666666666666666,0.0,0.25,0.0,11.389830508474576
2018,B Laughlin,10.095238095238095,212,21.0,126,9,0.2,0.17391304347826086,0.09090909090909091,41,0.0625,0.0,0.0,0.0,0.0,
2025,VG Arora,10.117647058823529,430,42.5,255,17,0.5,0.3695652173913043,0.0,111,0.0625,0.3333333333333333,0.0,0.0,0.0,10.263157894736842
2024,Mohsin Khan,10.131578947368421,385,38.0,228,10,0.575,0.21739130434782608,0.0,91,0.125,0.0,0.0,0.0,0.0,
2022,Mohammed Siraj,10.137254901960784,517,51.0,306,9,0.775,0.6086956521739131,0.2727272727272727,147,0.0,0.3333333333333333,0.0,0.25,0.0,7.54
2026,N Burger,10.137931034482758,441,43.5,261,14,0.625,0.717391304347826,0.09090909090909091,127,0.0625,0.0,0.0,0.25,0.0,
2025,M Pathirana,10.159362549800797,425,41.833333333333336,251,13,0.625,0.8043478260869565,0.09090909090909091,115,0.1875,0.0,0.0,0.0,0.0,
2024,SM Curran,10.170731707317072,417,41.0,246,16,0.5,0.17391304347826086,0.09090909090909091,91,0.1875,0.16666666666666666,0.0,0.0,0.0,
2023,K Rabada,10.173913043478262,234,23.0,138,7,0.425,0.17391304347826086,0.2727272727272727,70,0.0,0.16666666666666666,0.0,0.0,0.0,8.857142857142858
2009,MS Gony,10.176470588235293,173,17.0,102,5,0.175,0.10869565217391304,0.09090909090909091,41,0.0625,0.0,0.0,0.25,0.0,
2026,DS Rathi,10.179487179487179,397,39.0,234,5,0.525,0.13043478260869565,0.0,62,0.125,0.0,0.0,0.0,0.0,
2026,MA Starc,10.181818181818182,224,22.0,132,11,0.275,0.2608695652173913,0.0,61,0.0,0.16666666666666666,0.0,0.5,0.0,
2026,M Jansen,10.204225352112676,483,47.333333333333336,284,9,0.7,0.30434782608695654,0.0,96,0.0625,0.16666666666666666,0.0,0.0,0.0,
2024,G Coetzee,10.208955223880597,342,33.5,201,13,0.425,0.5,0.09090909090909091,96,0.0625,0.0,0.0,0.25,0.0,
2015,VR Aaron,10.211538461538462,177,17.333333333333332,104,3,0.175,0.2826086956521739,0.0,56,0.0,0.0,0.0,0.0,0.0,9.676056338028168
2014,CJ Anderson,10.222222222222221,184,18.0,108,4,0.125,0.15217391304347827,0.0,45,0.0,0.0,0.0,0.0,0.0,
2026,Arshdeep Singh,10.226415094339623,542,53.0,318,14,0.5,0.6956521739130435,0.09090909090909091,137,0.0625,0.0,0.0,0.0,0.0,
2025,Harshit Rana,10.227272727272727,450,44.0,264,15,0.6,0.2608695652173913,0.18181818181818182,115,0.1875,0.0,0.0,0.0,0.0,
2024,JD Unadkat,10.235294117647058,319,31.166666666666668,187,8,0.4,0.2826086956521739,0.0,57,0.0,0.0,0.0,0.0,0.0,7.342657342657343
2023,SM Curran,10.24390243902439,490,47.833333333333336,287,10,0.525,0.2608695652173913,0.09090909090909091,97,0.0625,0.0,0.0,0.0,0.0,10.170731707317072
2026,VG Arora,10.263157894736842,390,38.0,228,11,0.4,0.2826086956521739,0.0,88,0.0625,0.0,0.0,0.0,0.0,
2024,Naveen-ul-Haq,10.273972602739725,375,36.5,219,14,0.375,0.2826086956521739,0.2727272727272727,83,0.0625,0.0,0.0,0.0,0.0,
2018,MG Johnson,10.285714285714286,216,21.0,126,2,0.3,0.15217391304347827,0.0,53,0.0,0.0,0.0,0.0,0.0,
2025,Avesh Khan,10.288732394366196,487,47.333333333333336,284,13,0.525,0.21739130434782608,0.0,87,0.0625,0.16666666666666666,0.0,0.0,0.0,11.067567567567567
2026,Kuldeep Yadav,10.297297297297296,381,37.0,222,10,0.725,0.10869565217391304,0.0,65,0.125,0.3333333333333333,0.0,0.25,0.0,
2025,Azmatullah Omarzai,10.333333333333334,279,27.0,162,8,0.3,0.1956521739130435,0.0,53,0.0625,0.0,0.0,0.25,0.0,
2026,Harsh Dubey,10.363636363636363,228,22.0,132,8,0.35,0.17391304347826086,0.0,45,0.0625,0.0,0.0,0.25,0.2,
2018,CR Woakes,10.363636363636365,190,18.333333333333332,110,8,0.275,0.17391304347826086,0.0,55,0.0,0.0,0.0,0.0,0.0,
2023,KV Sharma,10.372093023255815,223,21.5,129,10,0.425,0.06521739130434782,0.0,42,0.1875,0.0,0.0,0.0,0.0,10.583333333333334
2017,MC Henriques,10.375,249,24.0,144,1,0.2,0.17391304347826086,0.09090909090909091,30,0.0,0.0,0.0,0.0,0.0,
2025,Mukesh Kumar,10.379746835443038,410,39.5,237,12,0.525,0.391304347826087,0.18181818181818182,98,0.1875,0.0,0.0,0.5,0.0,11.297872340425533
2025,Arshad Khan,10.380952380952381,218,21.0,126,6,0.25,0.21739130434782608,0.09090909090909091,58,0.0,0.0,0.0,0.0,0.0,9.923076923076923
2026,DL Chahar,10.392156862745098,265,25.5,153,8,0.375,0.1956521739130435,0.0,67,0.125,0.0,0.0,0.0,0.0,
2025,MM Sharma,10.4,260,25.0,150,2,0.275,0.2826086956521739,0.2727272727272727,44,0.0,0.0,0.0,0.0,0.0,
2025,MA Starc,10.403433476394849,404,38.833333333333336,233,14,0.35,0.5217391304347826,0.36363636363636365,99,0.1875,0.3333333333333333,0.0,0.0,0.0,10.181818181818182
2022,Shivam Mavi,10.409090909090908,229,22.0,132,5,0.325,0.21739130434782608,0.18181818181818182,57,0.0,0.0,0.0,0.0,0.0,
2015,HH Pandya,10.411764705882353,177,17.0,102,1,0.125,0.10869565217391304,0.09090909090909091,36,0.0,0.0,0.0,0.0,0.0,9.18
2026,M Prasidh Krishna,10.435897435897436,407,39.0,234,16,0.575,0.17391304347826086,0.0,87,0.0625,0.0,0.0,0.0,0.0,
2024,Mukesh Kumar,10.450704225352112,371,35.5,213,17,0.325,0.21739130434782608,0.2727272727272727,82,0.25,0.16666666666666666,0.0,0.0,0.0,10.379746835443038
2026,Nithish Kumar Reddy,10.451612903225806,324,31.0,186,8,0.35,0.2391304347826087,0.09090909090909091,68,0.0,0.0,0.0,0.25,0.0,
2014,P Awana,10.46808510638298,246,23.5,141,7,0.225,0.10869565217391304,0.09090909090909091,55,0.0625,0.0,0.0,0.0,0.0,
2018,BB Sran,10.5,231,22.0,132,4,0.25,0.34782608695652173,0.18181818181818182,60,0.0,0.0,0.0,0.0,0.0,
2023,Mukesh Kumar,10.548387096774194,327,31.0,186,7,0.475,0.2391304347826087,0.09090909090909091,75,0.0625,0.0,0.0,0.5,0.0,10.450704225352112
2014,KA Pollard,10.56,264,25.0,150,2,0.25,0.21739130434782608,0.18181818181818182,46,0.0,0.0,0.0,0.0,0.2,
2023,SN Thakur,10.571428571428571,222,21.0,126,7,0.225,0.13043478260869565,0.18181818181818182,39,0.0625,0.0,0.0,0.0,0.0,9.852631578947369
2023,RP Meredith,10.576271186440678,208,19.666666666666668,118,7,0.225,0.1956521739130435,0.09090909090909091,49,0.0625,0.0,0.0,0.0,0.0,
2024,KV Sharma,10.583333333333334,254,24.0,144,7,0.425,0.10869565217391304,0.0,46,0.125,0.0,0.0,0.25,0.2,
2023,Vijaykumar Vyshak,10.583333333333334,254,24.0,144,9,0.35,0.1956521739130435,0.09090909090909091,48,0.0625,0.0,0.0,0.0,0.0,
2019,AJ Tye,10.590909090909092,233,22.0,132,3,0.225,0.10869565217391304,0.0,35,0.0,0.0,0.0,0.25,0.0,
2026,A Kamboj,10.609271523178807,534,50.333333333333336,302,21,0.85,0.2826086956521739,0.36363636363636365,129,0.25,0.0,0.0,0.0,0.0,
2024,MA Starc,10.613545816733067,444,41.833333333333336,251,17,0.575,0.6521739130434783,0.0,121,0.4375,0.0,0.0,0.25,0.0,10.403433476394849
2025,TU Deshpande,10.625,340,32.0,192,9,0.325,0.43478260869565216,0.0,79,0.0,0.0,0.0,0.0,0.0,11.956521739130435
2010,S Sreesanth,10.631578947368421,202,19.0,114,3,0.175,0.391304347826087,1.0,56,0.0,0.0,0.0,0.0,0.0,6.628272251308901
2019,JD Unadkat,10.660714285714285,398,37.333333333333336,224,10,0.55,0.2608695652173913,0.0,70,0.125,0.0,0.0,0.25,0.0,9.91304347826087
2026,Vijaykumar Vyshak,10.67741935483871,331,31.0,186,9,0.45,0.17391304347826086,0.09090909090909091,59,0.0,0.0,0.0,0.0,0.0,
2026,C Green,10.681818181818182,235,22.0,132,7,0.35,0.21739130434782608,0.09090909090909091,56,0.0,0.0,0.0,0.0,0.0,
2022,PJ Cummins,10.689075630252102,212,19.833333333333332,119,7,0.275,0.2608695652173913,0.0,45,0.0625,0.0,0.0,0.0,0.0,
2025,Vijaykumar Vyshak,10.705882352941176,182,17.0,102,4,0.25,0.32608695652173914,0.09090909090909091,41,0.0625,0.0,0.0,0.0,0.0,10.67741935483871
2008,P Amarnath,10.727272727272727,236,22.0,132,7,0.175,0.0,0.0,34,0.0625,0.0,0.0,0.0,0.0,
2024,HH Pandya,10.75,387,36.0,216,11,0.525,0.21739130434782608,0.0,75,0.125,0.0,0.0,0.0,0.0,9.857142857142858
2024,LH Ferguson,10.75,258,24.0,144,9,0.375,0.06521739130434782,0.2727272727272727,45,0.125,0.0,0.0,0.0,0.0,
2019,LH Ferguson,10.764705882352942,183,17.0,102,2,0.175,0.10869565217391304,0.0,35,0.0,0.0,0.0,0.0,0.0,7.426229508196721
2023,CJ Jordan,10.772727272727273,237,22.0,132,3,0.325,0.1956521739130435,0.0,52,0.0,0.0,0.0,0.0,0.0,
2018,Avesh Khan,10.789473684210526,205,19.0,114,4,0.425,0.06521739130434782,0.09090909090909091,46,0.0625,0.0,0.0,0.25,0.0,
2025,Ravi Bishnoi,10.837837837837839,401,37.0,222,9,0.625,0.2391304347826087,0.0,79,0.125,0.0,0.0,0.25,0.0,9.923076923076923
2023,Umran Malik,10.85,217,20.0,120,5,0.225,0.21739130434782608,0.0,47,0.125,0.0,0.0,0.0,0.0,
2026,Ashok Sharma,10.904761904761905,229,21.0,126,6,0.35,0.2391304347826087,0.09090909090909091,63,0.0,0.0,0.0,0.0,0.0,
2018,MM Sharma,10.92134831460674,324,29.666666666666668,178,7,0.35,0.17391304347826086,0.18181818181818182,56,0.1875,0.0,0.0,0.0,0.0,
2024,MM Sharma,10.923076923076923,426,39.0,234,13,0.55,0.2391304347826087,0.09090909090909091,65,0.0,0.0,0.0,0.25,0.0,10.4
2024,Rasikh Salam,10.979591836734693,269,24.5,147,9,0.45,0.1956521739130435,0.0,51,0.125,0.0,0.0,0.0,0.0,
2022,Akash Deep,10.991150442477878,207,18.833333333333332,113,5,0.35,0.13043478260869565,0.18181818181818182,46,0.0625,0.0,0.0,0.25,0.0,
2026,JA Duffy,11.0,264,24.0,144,9,0.45,0.2608695652173913,0.09090909090909091,68,0.0,0.0,0.5,0.0,0.0,
2025,SN Thakur,11.058823529411764,376,34.0,204,13,0.425,0.4782608695652174,0.09090909090909091,82,0.0,0.16666666666666666,0.0,0.0,0.0,12.363636363636363
2026,Avesh Khan,11.067567567567567,273,24.666666666666668,148,6,0.475,0.17391304347826086,0.0,55,0.125,0.0,0.0,0.0,0.0,
2022,TS Mills,11.176470588235293,190,17.0,102,6,0.2,0.13043478260869565,0.0,35,0.0,0.0,0.0,0.0,0.0,
2025,I Sharma,11.181818181818182,205,18.333333333333332,110,4,0.25,0.15217391304347827,0.0,42,0.0,0.16666666666666666,0.0,0.0,0.0,
2026,T Natarajan,11.18324607329843,356,31.833333333333332,191,5,0.475,0.30434782608695654,0.0,57,0.0,0.0,0.0,0.0,0.0,
2025,Mohammed Shami,11.266666666666667,338,30.0,180,6,0.425,0.2391304347826087,0.09090909090909091,67,0.0,0.0,0.0,0.0,0.0,9.0
2019,BA Stokes,11.287128712871288,190,16.833333333333332,101,6,0.175,0.17391304347826086,0.09090909090909091,38,0.0625,0.0,0.0,0.0,0.0,
2026,Mukesh Kumar,11.297872340425533,354,31.333333333333332,188,6,0.475,0.34782608695652173,0.09090909090909091,77,0.0625,0.0,0.0,0.25,0.0,
2024,Yash Thakur,11.352112676056338,403,35.5,213,11,0.575,0.2608695652173913,0.09090909090909091,80,0.1875,0.0,0.0,0.0,0.0,
2020,TU Deshpande,11.352941176470589,193,17.0,102,3,0.175,0.17391304347826086,0.09090909090909091,36,0.0,0.0,0.0,0.0,0.0,
2026,Sandeep Sharma,11.389830508474576,224,19.666666666666668,118,5,0.325,0.1956521739130435,0.0,41,0.0,0.16666666666666666,0.0,0.25,0.0,
2024,Akash Madhwal,11.394495412844035,207,18.166666666666668,109,5,0.225,0.21739130434782608,0.18181818181818182,44,0.0625,0.16666666666666666,0.0,0.0,0.0,
2025,Ashwani Kumar,11.414634146341463,234,20.5,123,11,0.375,0.1956521739130435,0.18181818181818182,46,0.125,0.16666666666666666,0.0,0.0,0.0,
2020,TK Curran,11.504587155963302,209,18.166666666666668,109,3,0.25,0.15217391304347827,0.09090909090909091,31,0.0,0.0,0.0,0.0,0.0,
2026,HH Pandya,11.51470588235294,261,22.666666666666668,136,4,0.325,0.32608695652173914,0.18181818181818182,55,0.0,0.16666666666666666,0.0,0.0,0.0,
2026,XC Bartlett,11.611940298507463,389,33.5,201,5,0.45,0.2608695652173913,0.09090909090909091,64,0.0,0.0,0.0,0.0,0.0,
2025,PVD Chameera,11.705882352941176,199,17.0,102,4,0.3,0.1956521739130435,0.09090909090909091,32,0.0,0.0,0.0,0.0,0.0,
2020,AS Rajpoot,11.764705882352942,200,17.0,102,2,0.3,0.2608695652173913,0.18181818181818182,46,0.0,0.0,0.0,0.0,0.0,
2024,M Markande,11.818181818181818,260,22.0,132,8,0.575,0.21739130434782608,0.09090909090909091,38,0.125,0.0,0.0,0.0,0.2,
2026,PP Hinge,11.846153846153847,308,26.0,156,14,0.475,0.2608695652173913,0.2727272727272727,72,0.0625,0.0,0.0,0.25,0.0,
2026,TU Deshpande,11.956521739130435,275,23.0,138,4,0.325,0.2826086956521739,0.0,53,0.0,0.0,0.0,0.0,0.0,
2026,R Shepherd,11.96,299,25.0,150,7,0.55,0.17391304347826086,0.09090909090909091,45,0.0,0.16666666666666666,0.0,0.0,0.0,
2025,Akash Deep,12.052631578947368,229,19.0,114,3,0.225,0.3695652173913043,0.0,48,0.0,0.16666666666666666,0.0,0.0,0.0,
2025,AD Russell,12.110091743119265,220,18.166666666666668,109,8,0.325,0.10869565217391304,0.2727272727272727,32,0.0625,0.0,0.0,0.25,0.0,
2025,Fazalhaq Farooqi,12.352941176470589,210,17.0,102,0,0.2,0.043478260869565216,0.0,27,0.0,0.0,0.0,0.0,0.0,
2026,SN Thakur,12.363636363636363,272,22.0,132,12,0.325,0.391304347826087,0.18181818181818182,53,0.125,0.0,0.0,0.0,0.0,
2024,A Nortje,13.409090909090908,295,22.0,132,7,0.55,0.17391304347826086,0.09090909090909091,47,0.0625,0.0,0.0,0.0,0.0,
